ID,Name,Team,Region,Position,Cost,Predicted_Points,xMins,Opponent,Score,Assist,Goal_Involvement,Clean_Sheet,Projected_Goals
2,G.Jesus,Arsenal,30,Forward,6.8,2.04,34,Bournemouth (A),0.009,0.005,0.013,0.01,0.012
3,Gabriel,Arsenal,30,Defender,6.2,4.88,90,Bournemouth (A),0.126,0.077,0.193,0.357,0.143
4,Havertz,Arsenal,80,Forward,8.3,4.51,68,Bournemouth (A),0.342,0.226,0.491,0.357,0.471
6,J.Timber,Arsenal,152,Defender,5.5,2.78,63,Bournemouth (A),0.072,0.088,0.153,0.357,0.081
7,Jorginho,Arsenal,106,Midfielder,4.8,0.01,1,Bournemouth (A),0.032,0.027,0.058,0.105,0.037
8,Kiwior,Arsenal,172,Defender,4.8,1.29,32,Bournemouth (A),0.0,0.0,0.0,0.0,0.0
9,Martinelli,Arsenal,30,Midfielder,7.0,3.81,61,Bournemouth (A),0.296,0.21,0.444,0.357,0.392
10,Nelson,Fulham,241,Midfielder,5.0,0.1,10,Aston Villa (H),0.014,0.005,0.019,0.026,0.015
11,Nketiah,Crystal Palace,241,Forward,5.9,3.83,79,Nott'm Forest (A),0.218,0.067,0.271,0.268,0.261
12,Nwaneri,Arsenal,241,Midfielder,4.5,0.0,0,Bournemouth (A),0.0,0.0,0.0,0.0,0.0
13,Ødegaard,Arsenal,161,Midfielder,8.2,0.0,0,Bournemouth (A),0.0,0.0,0.0,0.0,0.0
14,Ramsdale,Southampton,241,Goalkeeper,4.4,3.84,90,Leicester (H),0.0,0.0,0.0,0.268,0.0
15,Raya,Arsenal,200,Goalkeeper,5.6,4.36,90,Bournemouth (A),0.0,0.0,0.0,0.357,0.0
16,Rice,Arsenal,241,Midfielder,6.3,3.8,89,Bournemouth (A),0.128,0.205,0.307,0.357,0.148
17,Saka,Arsenal,241,Midfielder,10.1,7.02,89,Bournemouth (A),0.403,0.308,0.587,0.357,0.602
18,Saliba,Arsenal,73,Defender,6.0,3.73,90,Bournemouth (A),0.077,0.038,0.112,0.357,0.086
19,Smith Rowe,Fulham,241,Midfielder,5.7,4.37,77,Aston Villa (H),0.139,0.116,0.239,0.268,0.156
20,Thomas,Arsenal,81,Midfielder,5.0,2.89,80,Bournemouth (A),0.103,0.088,0.181,0.357,0.115
22,Tomiyasu,Arsenal,108,Defender,4.8,0.0,0,Bournemouth (A),0.0,0.0,0.0,0.0,0.0
23,Trossard,Arsenal,21,Midfielder,6.9,3.44,56,Bournemouth (A),0.296,0.134,0.391,0.357,0.392
24,White,Arsenal,241,Defender,6.3,2.35,58,Bournemouth (A),0.031,0.094,0.122,0.3,0.039
25,Zinchenko,Arsenal,225,Defender,4.8,0.1,12,Bournemouth (A),0.015,0.021,0.036,0.062,0.017
27,Archer,Southampton,241,Forward,5.0,2.31,49,Leicester (H),0.145,0.119,0.247,0.268,0.163
28,Bailey,Aston Villa,107,Midfielder,6.3,3.77,69,Fulham (A),0.213,0.172,0.349,0.234,0.265
32,Cash,Aston Villa,172,Defender,4.4,3.02,67,Fulham (A),0.068,0.045,0.11,0.15,0.078
36,Digne,Aston Villa,73,Defender,4.6,3.07,73,Fulham (A),0.062,0.115,0.17,0.234,0.07
38,Duran,Aston Villa,48,Forward,6.2,1.6,26,Fulham (A),0.017,0.015,0.032,0.088,0.022
39,Gauci,Aston Villa,13,Goalkeeper,4.0,0.0,0,Fulham (A),0.0,0.0,0.0,0.0,0.0
40,Hause,Aston Villa,241,Defender,4.0,0.0,0,Fulham (A),0.0,0.0,0.0,0.0,0.0
42,Kamara,Aston Villa,73,Midfielder,5.0,0.0,0,Fulham (A),0.0,0.0,0.0,0.0,0.0
44,Konsa,Aston Villa,241,Defender,4.5,1.26,52,Fulham (A),0.05,0.032,0.081,0.234,0.057
45,Maatsen,Aston Villa,152,Defender,4.8,0.31,17,Fulham (A),0.023,0.011,0.033,0.05,0.026
47,Martinez,Aston Villa,10,Goalkeeper,5.0,3.67,90,Fulham (A),0.0,0.0,0.0,0.234,0.0
48,McGinn,Aston Villa,243,Midfielder,5.2,0.0,0,Fulham (A),0.075,0.056,0.127,0.109,0.089
49,Mings,Aston Villa,241,Defender,4.4,0.0,0,Fulham (A),0.0,0.0,0.0,0.0,0.0
50,Nedeljkovic,Aston Villa,190,Defender,4.0,0.0,2,Fulham (A),0.019,0.017,0.036,0.097,0.025
52,Pau,Aston Villa,200,Defender,4.5,2.85,90,Fulham (A),0.062,0.032,0.093,0.234,0.07
54,Rogers,Aston Villa,241,Midfielder,5.3,4.2,90,Fulham (A),0.047,0.04,0.085,0.234,0.06
57,Tielemans,Aston Villa,21,Midfielder,5.5,3.47,90,Fulham (A),0.107,0.149,0.24,0.234,0.122
58,Watkins,Aston Villa,241,Forward,9.1,5.2,82,Fulham (A),0.325,0.166,0.437,0.234,0.45
60,Adams,Bournemouth,229,Midfielder,4.9,0.06,11,Arsenal (H),0.0,0.0,0.0,0.0,0.0
62,Brooks,Bournemouth,244,Midfielder,4.9,0.04,2,Arsenal (H),0.0,0.0,0.0,0.0,0.0
64,Cook,Bournemouth,241,Midfielder,5.0,2.8,90,Arsenal (H),0.062,0.105,0.16,0.144,0.07
65,Enes Ünal,Bournemouth,219,Forward,5.4,0.35,15,Arsenal (H),0.0,0.0,0.0,0.0,0.0
74,O.Dango,Bournemouth,35,Midfielder,5.0,1.6,40,Arsenal (H),0.048,0.026,0.072,0.04,0.058
76,Philip,Bournemouth,58,Midfielder,4.8,0.0,0,Arsenal (H),0.014,0.007,0.021,0.012,0.017
78,Semenyo,Bournemouth,81,Midfielder,5.7,4.33,90,Arsenal (H),0.213,0.098,0.29,0.144,0.26
80,Sinisterra,Bournemouth,48,Midfielder,5.0,0.74,18,Arsenal (H),0.02,0.017,0.036,0.067,0.025
81,Smith,Bournemouth,241,Defender,4.5,0.98,52,Arsenal (H),0.046,0.059,0.102,0.144,0.051
82,Solanke,Spurs,241,Forward,7.6,5.83,90,West Ham (H),0.056,0.048,0.101,0.312,0.071
83,Tavernier,Bournemouth,241,Midfielder,5.5,3.65,88,Arsenal (H),0.152,0.136,0.267,0.144,0.181
87,Brierley,Brentford,-1,Midfielder,4.5,0.0,0,Man Utd (A),0.0,0.0,0.0,0.0,0.0
88,Collins,Brentford,104,Defender,4.5,2.88,90,Man Utd (A),0.054,0.022,0.075,0.134,0.061
89,Damsgaard,Brentford,58,Midfielder,5.0,1.87,49,Man Utd (A),0.162,0.117,0.26,0.134,0.196
91,Flekken,Brentford,152,Goalkeeper,4.5,3.45,90,Man Utd (A),0.0,0.0,0.0,0.134,0.0
92,Henry,Brentford,241,Defender,4.3,0.0,0,Man Utd (A),0.0,0.0,0.0,0.0,0.0
94,Janelt,Brentford,80,Midfielder,4.9,2.86,84,Man Utd (A),0.088,0.088,0.168,0.134,0.097
95,Jensen,Brentford,58,Midfielder,5.3,1.47,41,Man Utd (A),0.034,0.079,0.11,0.071,0.04
97,Konak,Brentford,219,Midfielder,4.5,0.0,0,Man Utd (A),0.0,0.0,0.0,0.0,0.0
98,Lewis-Potter,Brentford,241,Midfielder,5.0,4.1,81,Man Utd (A),0.175,0.108,0.264,0.134,0.213
99,Mbeumo,Brentford,38,Midfielder,7.5,5.32,90,Man Utd (A),0.255,0.162,0.375,0.134,0.332
101,Nørgaard,Brentford,58,Midfielder,4.8,3.2,90,Man Utd (A),0.088,0.054,0.137,0.134,0.099
109,Valdimarsson,Brentford,99,Goalkeeper,4.0,0.0,0,Man Utd (A),0.0,0.0,0.0,0.0,0.0
110,Wissa,Brentford,50,Forward,5.9,0.0,0,Man Utd (A),0.0,0.0,0.0,0.0,0.0
111,Yarmoliuk,Brentford,225,Midfielder,4.4,1.1,27,Man Utd (A),0.006,0.005,0.01,0.018,0.007
115,Baleba,Brighton,38,Midfielder,5.0,1.32,47,Newcastle (A),0.117,0.069,0.178,0.17,0.132
117,Buonanotte,Leicester,10,Midfielder,5.0,2.66,59,Southampton (A),0.187,0.14,0.301,0.234,0.222
120,Dunk,Brighton,241,Defender,4.5,2.28,90,Newcastle (A),0.076,0.059,0.13,0.17,0.085
121,Enciso,Brighton,168,Midfielder,5.4,0.26,14,Newcastle (A),0.13,0.082,0.201,0.116,0.157
122,Estupiñan,Brighton,62,Defender,5.0,1.92,60,Newcastle (A),0.076,0.105,0.173,0.17,0.085
123,Ferguson,Brighton,104,Forward,5.5,0.1,4,Newcastle (A),0.19,0.03,0.214,0.127,0.242
126,Hinshelwood,Brighton,241,Midfielder,5.0,2.79,88,Newcastle (A),0.047,0.04,0.085,0.17,0.06
129,João Pedro,Brighton,30,Forward,5.5,0.0,0,Newcastle (A),0.0,0.0,0.0,0.0,0.0
132,March,Brighton,241,Midfielder,6.5,0.0,0,Newcastle (A),0.0,0.0,0.0,0.0,0.0
135,Minteh,Brighton,78,Midfielder,5.4,3.39,69,Newcastle (A),0.034,0.029,0.062,0.123,0.043
136,Mitoma,Brighton,108,Midfielder,6.6,4.24,90,Newcastle (A),0.047,0.04,0.085,0.17,0.06
137,Moder,Brighton,172,Midfielder,4.4,0.0,0,Newcastle (A),0.076,0.033,0.106,0.116,0.09
140,Peupion,Brighton,13,Midfielder,4.5,0.0,0,Newcastle (A),0.0,0.0,0.0,0.0,0.0
142,Steele,Brighton,241,Goalkeeper,4.4,0.0,0,Newcastle (A),0.0,0.0,0.0,0.082,0.0
145,Veltman,Brighton,152,Defender,4.5,2.09,88,Newcastle (A),0.059,0.051,0.106,0.17,0.065
146,Verbruggen,Brighton,152,Goalkeeper,4.5,3.06,90,Newcastle (A),0.047,0.04,0.085,0.17,0.06
148,Welbeck,Brighton,241,Forward,5.8,3.99,86,Newcastle (A),0.254,0.095,0.325,0.17,0.324
152,Arrizabalaga,Bournemouth,200,Goalkeeper,4.5,3.04,90,Arsenal (H),0.0,0.0,0.0,0.144,0.0
157,Caicedo,Chelsea,62,Midfielder,4.9,2.52,90,Liverpool (A),0.091,0.052,0.138,0.104,0.102
162,Colwill,Chelsea,241,Defender,4.6,1.98,86,Liverpool (A),0.062,0.063,0.121,0.104,0.07
163,Cucurella,Chelsea,200,Defender,5.0,0.0,0,Liverpool (A),0.052,0.085,0.133,0.104,0.059
168,Enzo,Chelsea,10,Midfielder,4.9,3.23,87,Liverpool (A),0.114,0.124,0.223,0.104,0.131
171,Gusto,Chelsea,73,Defender,4.9,2.39,90,Liverpool (A),0.062,0.136,0.19,0.104,0.07
173,Kellyman,Chelsea,241,Midfielder,4.4,0.0,0,Liverpool (A),0.0,0.0,0.0,0.0,0.0
174,Lavia,Chelsea,21,Midfielder,4.5,0.0,0,Liverpool (A),0.013,0.011,0.024,0.029,0.016
177,Madueke,Chelsea,241,Midfielder,6.5,4.15,84,Liverpool (A),0.182,0.124,0.283,0.104,0.221
180,N.Jackson,Chelsea,189,Forward,7.9,4.72,79,Liverpool (A),0.262,0.105,0.339,0.104,0.347
181,Nkunku,Chelsea,73,Midfielder,6.0,0.49,13,Liverpool (A),0.121,0.05,0.165,0.044,0.164
182,Palmer,Chelsea,241,Midfielder,10.8,6.58,88,Liverpool (A),0.341,0.21,0.479,0.104,0.486
184,Renato Veiga,Chelsea,173,Midfielder,4.5,0.02,3,Liverpool (A),0.006,0.005,0.011,0.014,0.008
185,Sánchez,Chelsea,200,Goalkeeper,4.7,3.17,90,Liverpool (A),0.0,0.0,0.0,0.104,0.0
186,Sterling,Arsenal,241,Midfielder,6.7,1.94,29,Bournemouth (A),0.073,0.038,0.109,0.077,0.101
188,Ugochukwu,Southampton,73,Midfielder,4.5,1.7,54,Leicester (H),0.016,0.017,0.033,0.089,0.018
189,W.Fofana,Chelsea,73,Defender,4.5,0.0,0,Liverpool (A),0.062,0.036,0.095,0.104,0.07
191,Andersen,Fulham,58,Defender,4.4,3.27,90,Aston Villa (H),0.04,0.072,0.109,0.268,0.046
193,C.Doucouré,Crystal Palace,132,Midfielder,4.9,0.05,10,Nott'm Forest (A),0.003,0.003,0.006,0.021,0.004
199,Eze,Crystal Palace,241,Midfielder,6.8,5.56,90,Nott'm Forest (A),0.175,0.175,0.319,0.268,0.207
200,Guéhi,Crystal Palace,241,Defender,4.4,2.78,90,Nott'm Forest (A),0.046,0.05,0.094,0.268,0.053
201,Henderson,Crystal Palace,241,Goalkeeper,4.5,3.34,90,Nott'm Forest (A),0.044,0.038,0.081,0.268,0.057
204,Johnstone,Wolves,241,Goalkeeper,4.4,3.02,90,Man City (H),0.0,0.0,0.0,0.094,0.0
206,Lerma,Crystal Palace,48,Midfielder,4.8,2.74,76,Nott'm Forest (A),0.087,0.087,0.167,0.268,0.098
207,Mateta,Crystal Palace,73,Forward,7.4,4.35,77,Nott'm Forest (A),0.102,0.037,0.135,0.125,0.125
208,M.França,Crystal Palace,30,Midfielder,4.4,0.0,0,Nott'm Forest (A),0.0,0.0,0.0,0.0,0.0
209,Matthews,Crystal Palace,241,Goalkeeper,4.0,0.0,0,Nott'm Forest (A),0.0,0.0,0.0,0.0,0.0
210,Mitchell,Crystal Palace,241,Defender,4.9,3.25,90,Nott'm Forest (A),0.038,0.087,0.122,0.268,0.045
211,Muñoz,Crystal Palace,48,Defender,4.9,2.64,66,Nott'm Forest (A),0.044,0.038,0.081,0.268,0.057
218,Beto,Everton,173,Forward,5.0,0.0,0,Ipswich (A),0.028,0.01,0.037,0.031,0.034
219,Branthwaite,Everton,241,Defender,4.8,2.95,68,Ipswich (A),0.048,0.022,0.069,0.206,0.056
220,Calvert-Lewin,Everton,241,Forward,6.0,4.62,90,Ipswich (A),0.245,0.093,0.315,0.234,0.302
221,Coleman,Everton,104,Defender,4.3,1.25,40,Ipswich (A),0.0,0.0,0.0,0.0,0.0
223,Garner,Everton,241,Midfielder,5.0,0.15,13,Ipswich (A),0.004,0.003,0.006,0.009,0.004
224,Harrison,Everton,241,Midfielder,5.3,2.9,65,Ipswich (A),0.185,0.128,0.29,0.234,0.222
226,Iroegbunam,Everton,241,Midfielder,4.5,0.04,9,Ipswich (A),0.033,0.028,0.06,0.166,0.042
227,J.Virginia,Everton,173,Goalkeeper,4.0,0.0,0,Ipswich (A),0.0,0.0,0.0,0.0,0.0
228,Keane,Everton,241,Defender,4.0,0.87,22,Ipswich (A),0.064,0.04,0.102,0.234,0.072
230,McNeil,Everton,241,Midfielder,5.7,4.44,90,Ipswich (A),0.139,0.167,0.282,0.234,0.161
231,Mykolenko,Everton,225,Defender,4.3,2.52,64,Ipswich (A),0.055,0.061,0.113,0.234,0.063
232,Ndiaye,Everton,189,Forward,5.4,3.84,85,Ipswich (A),0.185,0.128,0.29,0.234,0.222
233,Onana,Aston Villa,21,Midfielder,5.1,1.89,57,Fulham (A),0.042,0.025,0.065,0.081,0.049
235,Pickford,Everton,241,Goalkeeper,4.8,3.8,90,Ipswich (A),0.0,0.0,0.0,0.234,0.0
236,Tarkowski,Everton,241,Defender,4.8,3.29,90,Ipswich (A),0.093,0.049,0.137,0.234,0.103
237,Y. Chermiti,Everton,173,Forward,4.9,0.0,0,Ipswich (A),0.0,0.0,0.0,0.0,0.0
238,Young,Everton,241,Defender,4.5,1.18,50,Ipswich (A),0.076,0.064,0.135,0.234,0.086
239,Adama,Fulham,200,Midfielder,5.1,4.0,80,Aston Villa (H),0.048,0.042,0.088,0.268,0.062
240,Andreas,Fulham,30,Midfielder,5.3,3.72,72,Aston Villa (H),0.154,0.125,0.26,0.268,0.185
241,Bassey,Fulham,157,Defender,4.5,2.92,90,Aston Villa (H),0.04,0.062,0.099,0.268,0.046
242,Benda,Fulham,80,Goalkeeper,4.0,0.0,0,Aston Villa (H),0.0,0.0,0.0,0.0,0.0
244,Castagne,Fulham,21,Defender,4.2,0.0,0,Aston Villa (H),0.0,0.0,0.0,0.0,0.0
247,Iwobi,Fulham,157,Midfielder,5.5,4.38,87,Aston Villa (H),0.122,0.104,0.214,0.268,0.136
248,Leno,Fulham,80,Goalkeeper,5.0,3.55,90,Aston Villa (H),0.0,0.0,0.0,0.268,0.0
251,Muniz,Fulham,30,Forward,5.8,0.97,17,Aston Villa (H),0.167,0.057,0.215,0.189,0.208
252,Raúl,Fulham,139,Forward,5.6,5.05,73,Aston Villa (H),0.16,0.055,0.206,0.268,0.193
255,Robinson,Fulham,229,Defender,4.7,3.34,90,Aston Villa (H),0.04,0.069,0.107,0.268,0.046
257,Tete,Fulham,152,Defender,4.5,3.27,90,Aston Villa (H),0.045,0.055,0.098,0.268,0.053
258,Vinicius,Fulham,30,Forward,5.0,0.0,0,Aston Villa (H),0.0,0.0,0.0,0.0,0.0
263,Burgess,Ipswich,13,Defender,3.9,0.02,10,Everton (H),0.0,0.0,0.0,0.0,0.0
266,H.Clarke,Ipswich,241,Defender,4.0,0.0,0,Everton (H),0.0,0.0,0.0,0.0,0.0
267,Davis,Ipswich,241,Defender,4.5,4.07,90,Everton (H),0.048,0.042,0.088,0.276,0.062
268,Delap,Ipswich,241,Forward,5.6,4.1,79,Everton (H),0.048,0.042,0.088,0.276,0.062
270,Greaves,Ipswich,241,Defender,4.1,3.59,90,Everton (H),0.048,0.042,0.088,0.276,0.062
272,Hirst,Ipswich,241,Forward,5.4,0.29,11,Everton (H),0.0,0.0,0.0,0.0,0.0
275,Johnson,Ipswich,241,Defender,4.0,0.91,24,Everton (H),0.055,0.022,0.075,0.276,0.063
277,Luongo,Ipswich,13,Midfielder,4.5,0.07,8,Everton (H),0.029,0.025,0.053,0.165,0.037
278,Morsy,Ipswich,63,Midfielder,4.9,3.02,90,Everton (H),0.048,0.042,0.088,0.276,0.062
280,Slicker,Ipswich,243,Goalkeeper,4.0,0.0,0,Everton (H),0.0,0.0,0.0,0.0,0.0
282,Tuanzebe,Ipswich,50,Defender,4.0,2.93,66,Everton (H),0.017,0.015,0.031,0.096,0.022
284,Woolfenden,Ipswich,241,Defender,4.0,0.0,0,Everton (H),0.043,0.037,0.079,0.246,0.056
287,Choudhury,Leicester,241,Midfielder,4.4,0.0,0,Southampton (A),0.0,0.0,0.0,0.0,0.0
288,Coady,Leicester,241,Defender,4.0,0.0,0,Southampton (A),0.0,0.0,0.0,0.0,0.0
291,Faes,Leicester,21,Defender,4.1,2.93,90,Southampton (A),0.047,0.04,0.085,0.234,0.06
292,Golding,Leicester,241,Midfielder,4.4,0.0,0,Southampton (A),0.0,0.0,0.0,0.0,0.0
293,Hermansen,Leicester,58,Goalkeeper,4.5,3.52,90,Southampton (A),0.047,0.04,0.085,0.234,0.06
294,Iversen,Leicester,58,Goalkeeper,4.0,0.0,0,Southampton (A),0.0,0.0,0.0,0.0,0.0
295,Justin,Leicester,241,Defender,4.6,3.06,90,Southampton (A),0.047,0.04,0.085,0.234,0.06
298,Mavididi,Leicester,241,Midfielder,5.3,3.69,71,Southampton (A),0.047,0.04,0.085,0.234,0.06
300,Ndidi,Leicester,157,Midfielder,5.0,2.98,90,Southampton (A),0.047,0.04,0.085,0.234,0.06
301,Okoli,Leicester,106,Defender,4.0,2.94,90,Southampton (A),0.047,0.04,0.085,0.234,0.06
304,Stolarczyk,Leicester,172,Goalkeeper,4.0,0.0,0,Southampton (A),0.0,0.0,0.0,0.0,0.0
306,Vardy,Leicester,241,Forward,5.7,4.32,85,Southampton (A),0.047,0.04,0.085,0.234,0.06
307,Vestergaard,Leicester,58,Defender,4.0,0.0,0,Southampton (A),0.022,0.019,0.041,0.112,0.029
308,Ward,Leicester,244,Goalkeeper,4.0,0.0,0,Southampton (A),0.0,0.0,0.0,0.0,0.0
309,Winks,Leicester,241,Midfielder,4.5,2.45,68,Southampton (A),0.047,0.04,0.085,0.234,0.06
310,A.Becker,Liverpool,30,Goalkeeper,5.5,0.82,22,Chelsea (H),0.0,0.0,0.0,0.0,0.0
311,Alexander-Arnold,Liverpool,241,Defender,7.1,4.86,87,Chelsea (H),0.087,0.201,0.27,0.288,0.097
314,Carvalho,Brentford,173,Midfielder,4.8,1.51,30,Man Utd (A),0.013,0.012,0.025,0.043,0.017
316,Darwin,Liverpool,230,Forward,7.1,2.08,28,Chelsea (H),0.046,0.029,0.074,0.038,0.062
317,Diogo J.,Liverpool,173,Midfielder,7.4,4.59,62,Chelsea (H),0.331,0.174,0.447,0.288,0.42
319,Elliott,Liverpool,241,Midfielder,5.2,0.12,4,Chelsea (H),0.007,0.008,0.015,0.012,0.009
321,Gakpo,Liverpool,152,Forward,7.1,2.18,33,Chelsea (H),0.04,0.025,0.064,0.042,0.05
323,Gravenberch,Liverpool,152,Midfielder,5.0,3.52,90,Chelsea (H),0.102,0.109,0.2,0.288,0.113
324,Jones,Liverpool,241,Midfielder,5.3,0.09,6,Chelsea (H),0.0,0.0,0.0,0.0,0.0
325,Kelleher,Liverpool,104,Goalkeeper,4.4,3.19,68,Chelsea (H),0.0,0.0,0.0,0.288,0.0
326,Konaté,Liverpool,73,Defender,5.2,3.44,90,Chelsea (H),0.067,0.062,0.124,0.288,0.075
327,Luis Díaz,Liverpool,48,Midfielder,8.1,3.98,57,Chelsea (H),0.29,0.163,0.406,0.288,0.369
328,M.Salah,Liverpool,63,Midfielder,12.7,8.26,89,Chelsea (H),0.378,0.267,0.544,0.288,0.524
329,Mac Allister,Liverpool,10,Midfielder,6.3,3.38,84,Chelsea (H),0.124,0.145,0.251,0.288,0.141
333,Quansah,Liverpool,241,Defender,4.1,0.0,0,Chelsea (H),0.033,0.029,0.061,0.173,0.043
335,Robertson,Liverpool,243,Defender,6.0,4.13,68,Chelsea (H),0.067,0.163,0.219,0.288,0.075
336,Szoboszlai,Liverpool,98,Midfielder,6.5,4.24,81,Chelsea (H),0.158,0.188,0.317,0.288,0.185
338,Van den Berg,Brentford,152,Defender,4.0,2.46,75,Man Utd (A),0.042,0.036,0.076,0.134,0.054
339,Virgil,Liverpool,152,Defender,6.0,3.76,90,Chelsea (H),0.087,0.035,0.119,0.288,0.097
340,Akanji,Man City,207,Defender,5.5,3.85,83,Wolves (A),0.075,0.046,0.118,0.426,0.085
341,Aké,Man City,152,Defender,5.3,0.03,4,Wolves (A),0.031,0.02,0.051,0.165,0.035
342,Bernardo,Man City,173,Midfielder,6.5,4.48,82,Wolves (A),0.224,0.208,0.385,0.426,0.271
344,Carson,Man City,241,Goalkeeper,4.0,0.0,0,Wolves (A),0.0,0.0,0.0,0.0,0.0
345,De Bruyne,Man City,21,Midfielder,9.4,2.66,34,Wolves (A),0.148,0.193,0.312,0.256,0.184
346,Doku,Man City,21,Midfielder,6.3,2.03,37,Wolves (A),0.173,0.134,0.284,0.335,0.211
347,Ederson M.,Man City,30,Goalkeeper,5.5,4.14,90,Wolves (A),0.0,0.0,0.0,0.426,0.0
348,Foden,Man City,241,Midfielder,9.2,3.37,48,Wolves (A),0.101,0.058,0.153,0.119,0.136
349,Grealish,Man City,241,Midfielder,6.4,3.38,64,Wolves (A),0.191,0.22,0.369,0.426,0.231
350,Gvardiol,Man City,97,Defender,5.9,4.77,85,Wolves (A),0.11,0.103,0.202,0.426,0.124
351,Haaland,Man City,161,Forward,15.4,8.14,90,Wolves (A),0.64,0.231,0.723,0.426,1.148
354,Kovačić,Man City,97,Midfielder,5.5,3.23,75,Wolves (A),0.11,0.127,0.223,0.426,0.124
355,Lewis,Man City,241,Defender,4.7,2.65,61,Wolves (A),0.075,0.11,0.177,0.426,0.085
356,Matheus N.,Man City,173,Midfielder,4.9,0.02,2,Wolves (A),0.013,0.008,0.021,0.034,0.016
359,Phillips,Ipswich,241,Midfielder,4.9,2.67,79,Everton (H),0.055,0.089,0.138,0.276,0.063
360,Rodrigo,Man City,200,Midfielder,6.3,0.0,0,Wolves (A),0.016,0.014,0.029,0.119,0.02
361,Rúben,Man City,173,Defender,5.5,3.91,79,Wolves (A),0.075,0.038,0.11,0.426,0.085
362,Stones,Man City,241,Defender,5.3,0.29,16,Wolves (A),0.023,0.017,0.04,0.114,0.026
363,Walker,Man City,241,Defender,5.3,1.13,29,Wolves (A),0.055,0.098,0.147,0.426,0.063
364,Amad,Man Utd,54,Midfielder,5.0,1.86,36,Brentford (H),0.009,0.008,0.017,0.062,0.012
366,B.Fernandes,Man Utd,173,Midfielder,8.2,5.25,88,Brentford (H),0.174,0.265,0.393,0.357,0.202
369,Dalot,Man Utd,173,Defender,5.1,4.01,90,Brentford (H),0.06,0.091,0.146,0.357,0.069
370,Eriksen,Man Utd,58,Midfielder,5.4,2.54,61,Brentford (H),0.121,0.13,0.235,0.357,0.136
372,Garnacho,Man Utd,10,Midfielder,6.3,2.93,55,Brentford (H),0.227,0.165,0.354,0.357,0.275
374,Heaton,Man Utd,241,Goalkeeper,4.0,0.0,0,Brentford (H),0.0,0.0,0.0,0.0,0.0
375,Højlund,Man Utd,58,Forward,6.9,2.86,57,Brentford (H),0.33,0.101,0.397,0.357,0.43
376,Lindelof,Man Utd,206,Defender,4.3,0.0,0,Brentford (H),0.0,0.0,0.0,0.0,0.0
378,Mainoo,Man Utd,241,Midfielder,5.2,1.79,58,Brentford (H),0.091,0.082,0.166,0.357,0.101
379,Malacia,Man Utd,152,Defender,4.4,0.0,0,Brentford (H),0.0,0.0,0.0,0.0,0.0
380,Martinez,Man Utd,10,Defender,4.5,2.98,66,Brentford (H),0.048,0.05,0.095,0.357,0.055
383,Onana,Man Utd,38,Goalkeeper,5.0,3.76,90,Brentford (H),0.0,0.0,0.0,0.357,0.0
385,Rashford,Man Utd,241,Midfielder,6.9,3.03,61,Brentford (H),0.259,0.139,0.362,0.357,0.321
386,Sancho,Chelsea,241,Midfielder,6.4,3.6,72,Liverpool (A),0.182,0.157,0.31,0.104,0.221
387,Shaw,Man Utd,241,Defender,4.9,0.02,11,Brentford (H),0.0,0.0,0.0,0.0,0.0
388,Wan-Bissaka,West Ham,241,Defender,4.5,2.35,90,Spurs (A),0.042,0.088,0.126,0.104,0.048
389,Zirkzee,Man Utd,152,Forward,6.8,1.97,33,Brentford (H),0.027,0.023,0.049,0.176,0.034
390,A.Murphy,Newcastle,104,Defender,4.0,0.0,0,Brighton (H),0.0,0.0,0.0,0.0,0.0
392,Barnes,Newcastle,241,Midfielder,6.5,4.87,67,Brighton (H),0.238,0.167,0.365,0.268,0.29
394,Bruno G.,Newcastle,30,Midfielder,6.3,4.15,90,Brighton (H),0.121,0.11,0.218,0.268,0.138
395,Burn,Newcastle,241,Defender,4.4,4.04,90,Brighton (H),0.056,0.043,0.096,0.268,0.064
398,Gordon,Newcastle,241,Midfielder,7.3,5.96,90,Brighton (H),0.26,0.152,0.372,0.268,0.326
399,Hall,Newcastle,241,Defender,4.3,3.44,68,Brighton (H),0.104,0.083,0.179,0.268,0.115
401,Isak,Newcastle,206,Forward,8.3,3.17,44,Brighton (H),0.084,0.035,0.116,0.064,0.112
403,Joelinton,Newcastle,30,Midfielder,6.0,4.04,87,Brighton (H),0.022,0.009,0.031,0.268,0.026
409,Livramento,Newcastle,241,Defender,4.5,1.2,45,Brighton (H),0.016,0.019,0.035,0.05,0.018
411,Miley,Newcastle,241,Midfielder,5.0,0.0,0,Brighton (H),0.0,0.0,0.0,0.0,0.0
413,Pope,Newcastle,241,Goalkeeper,5.0,4.04,90,Brighton (H),0.0,0.0,0.0,0.268,0.0
414,Ruddy,Newcastle,241,Goalkeeper,4.0,0.0,0,Brighton (H),0.0,0.0,0.0,0.0,0.0
415,Schär,Newcastle,207,Defender,5.4,3.9,90,Brighton (H),0.111,0.059,0.163,0.286,0.123
417,Tonali,Newcastle,106,Midfielder,5.5,1.7,46,Brighton (H),0.139,0.119,0.241,0.268,0.161
418,Trippier,Newcastle,241,Defender,5.7,1.48,45,Brighton (H),0.064,0.185,0.237,0.268,0.072
420,Willock,Newcastle,241,Midfielder,4.8,1.65,27,Brighton (H),0.017,0.029,0.045,0.036,0.019
421,Wilson,Newcastle,241,Forward,6.9,0.69,12,Brighton (H),0.136,0.071,0.197,0.114,0.199
422,Aina,Nott'm Forest,157,Defender,4.5,3.24,90,Crystal Palace (H),0.047,0.04,0.085,0.312,0.06
423,Anderson,Nott'm Forest,241,Midfielder,5.0,3.02,70,Crystal Palace (H),0.094,0.077,0.164,0.279,0.104
430,Dennis,Nott'm Forest,157,Forward,4.9,0.0,0,Crystal Palace (H),0.0,0.0,0.0,0.0,0.0
432,Elanga,Nott'm Forest,206,Midfielder,5.2,2.13,41,Crystal Palace (H),0.158,0.152,0.286,0.312,0.183
433,Gibbs-White,Nott'm Forest,241,Midfielder,6.3,3.32,65,Crystal Palace (H),0.158,0.146,0.28,0.312,0.183
434,Hudson-Odoi,Nott'm Forest,241,Midfielder,5.4,3.89,75,Crystal Palace (H),0.158,0.095,0.237,0.312,0.183
436,Murillo,Nott'm Forest,30,Defender,4.5,3.35,90,Crystal Palace (H),0.041,0.055,0.094,0.312,0.059
442,Sangaré,Nott'm Forest,54,Midfielder,4.4,0.0,0,Crystal Palace (H),0.0,0.0,0.0,0.0,0.0
443,Sels,Nott'm Forest,21,Goalkeeper,4.5,3.62,90,Crystal Palace (H),0.047,0.04,0.085,0.312,0.06
447,Wood,Nott'm Forest,154,Forward,6.2,6.02,84,Crystal Palace (H),0.218,0.056,0.262,0.312,0.269
451,Amo-Ameyaw,Southampton,241,Midfielder,4.5,0.0,0,Leicester (H),0.006,0.005,0.011,0.032,0.007
453,Armstrong,Southampton,241,Forward,5.3,0.48,14,Leicester (H),0.027,0.023,0.05,0.15,0.035
455,Bednarek,Southampton,172,Defender,4.0,3.33,90,Leicester (H),0.048,0.042,0.088,0.268,0.062
461,Harwood-Bellis,Southampton,241,Defender,4.0,3.73,90,Leicester (H),0.048,0.042,0.088,0.268,0.062
462,Kamaldeen,Southampton,81,Midfielder,5.0,0.0,0,Leicester (H),0.0,0.0,0.0,0.0,0.0
463,Lallana,Southampton,241,Midfielder,5.0,1.26,28,Leicester (H),0.015,0.007,0.022,0.057,0.018
466,Lumley,Southampton,241,Goalkeeper,4.0,0.0,0,Leicester (H),0.0,0.0,0.0,0.0,0.0
470,Onuachu,Southampton,157,Forward,4.9,0.08,4,Leicester (H),0.0,0.0,0.0,0.0,0.0
471,Smallbone,Southampton,104,Midfielder,5.0,1.36,36,Leicester (H),0.017,0.015,0.032,0.096,0.022
473,Stewart,Southampton,243,Forward,4.6,1.49,26,Leicester (H),0.017,0.015,0.031,0.093,0.022
474,Sugawara,Southampton,108,Defender,4.5,3.9,90,Leicester (H),0.048,0.042,0.088,0.268,0.062
475,Taylor,Southampton,241,Defender,4.0,1.08,45,Leicester (H),0.042,0.063,0.102,0.268,0.048
477,Wood,Southampton,241,Defender,4.0,0.0,0,Leicester (H),0.0,0.0,0.0,0.0,0.0
479,Austin,Spurs,241,Goalkeeper,4.0,0.0,0,West Ham (H),0.0,0.0,0.0,0.0,0.0
480,Bentancur,Spurs,230,Midfielder,5.0,3.16,78,West Ham (H),0.135,0.135,0.252,0.312,0.153
481,Bergvall,Spurs,206,Midfielder,4.5,0.08,7,West Ham (H),0.009,0.008,0.016,0.05,0.011
491,Johnson,Spurs,244,Midfielder,6.5,5.1,79,West Ham (H),0.271,0.176,0.399,0.312,0.331
492,Kulusevski,Spurs,206,Midfielder,6.2,5.19,89,West Ham (H),0.203,0.195,0.359,0.312,0.246
494,Maddison,Spurs,241,Midfielder,7.5,5.72,83,West Ham (H),0.203,0.22,0.378,0.312,0.246
495,Pedro Porro,Spurs,200,Defender,5.5,4.36,90,West Ham (H),0.135,0.203,0.311,0.312,0.153
498,Romero,Spurs,10,Defender,5.1,4.43,90,West Ham (H),0.08,0.039,0.116,0.312,0.09
503,Son,Spurs,114,Midfielder,9.9,1.79,22,West Ham (H),0.259,0.145,0.367,0.204,0.334
505,Udogie,Spurs,106,Defender,4.9,3.77,78,West Ham (H),0.104,0.124,0.215,0.312,0.115
506,Van de Ven,Spurs,152,Defender,4.6,3.55,90,West Ham (H),0.06,0.079,0.134,0.312,0.086
508,Vicario,Spurs,106,Goalkeeper,5.0,3.72,90,West Ham (H),0.056,0.048,0.101,0.312,0.071
509,Werner,Spurs,80,Midfielder,6.2,4.02,68,West Ham (H),0.056,0.048,0.101,0.312,0.071
510,Whiteman,Spurs,241,Goalkeeper,4.0,0.0,0,West Ham (H),0.0,0.0,0.0,0.0,0.0
512,Antonio,West Ham,107,Forward,5.4,2.6,60,Spurs (A),0.218,0.088,0.287,0.104,0.266
513,Areola,West Ham,73,Goalkeeper,4.5,3.14,90,Spurs (A),0.0,0.0,0.0,0.104,0.0
514,Bowen,West Ham,241,Midfielder,7.4,4.75,90,Spurs (A),0.246,0.163,0.369,0.104,0.311
517,Cresswell,West Ham,241,Defender,4.0,0.01,11,Spurs (A),0.008,0.015,0.023,0.021,0.01
521,Fabianski,West Ham,172,Goalkeeper,4.0,0.0,0,Spurs (A),0.005,0.005,0.01,0.012,0.007
523,Ings,West Ham,241,Forward,5.0,0.14,4,Spurs (A),0.016,0.0,0.017,0.007,0.021
524,Kilman,West Ham,241,Defender,4.5,2.33,90,Spurs (A),0.059,0.035,0.092,0.104,0.067
525,Kudus,West Ham,81,Midfielder,6.3,3.58,78,Spurs (A),0.202,0.157,0.327,0.104,0.246
527,L.Paquetá,West Ham,30,Midfielder,5.9,3.48,82,Spurs (A),0.107,0.107,0.203,0.104,0.128
528,Mavropanos,West Ham,83,Defender,4.5,0.0,10,Spurs (A),0.027,0.023,0.049,0.062,0.034
530,Souček,West Ham,57,Midfielder,5.0,3.23,68,Spurs (A),0.141,0.071,0.202,0.104,0.168
531,Ward-Prowse,Nott'm Forest,241,Midfielder,6.2,0.0,0,Crystal Palace (H),0.118,0.105,0.211,0.312,0.131
533,Aït-Nouri,Wolves,3,Defender,4.4,3.03,85,Man City (H),0.075,0.089,0.157,0.094,0.083
535,Bellegarde,Wolves,73,Midfielder,5.0,1.55,52,Man City (H),0.026,0.022,0.048,0.094,0.033
536,Bentley,Wolves,241,Goalkeeper,4.0,0.0,0,Man City (H),0.0,0.0,0.0,0.0,0.0
539,Chiwome,Wolves,-1,Forward,4.5,0.0,0,Man City (H),0.0,0.0,0.0,0.0,0.0
540,Cundle,Wolves,241,Midfielder,4.5,0.0,0,Man City (H),0.0,0.0,0.0,0.0,0.0
541,Cunha,Wolves,30,Forward,6.5,4.99,90,Man City (H),0.116,0.052,0.162,0.094,0.143
554,José Sá,Wolves,173,Goalkeeper,4.4,0.0,0,Man City (H),0.0,0.0,0.0,0.056,0.0
556,King,Wolves,244,Goalkeeper,4.0,0.0,0,Man City (H),0.0,0.0,0.0,0.0,0.0
557,Mario Jr.,Wolves,77,Midfielder,5.0,3.08,90,Man City (H),0.089,0.047,0.132,0.094,0.1
558,Mosquera,Wolves,48,Defender,4.0,0.0,0,Man City (H),0.0,0.0,0.0,0.0,0.0
559,N.Semedo,Wolves,173,Defender,4.5,2.1,84,Man City (H),0.029,0.037,0.066,0.094,0.034
561,Pedro Lima,Wolves,30,Defender,4.0,0.0,0,Man City (H),0.0,0.0,0.0,0.0,0.0
566,Strand Larsen,Wolves,161,Forward,5.5,3.9,84,Man City (H),0.038,0.033,0.07,0.094,0.049
567,Toti,Wolves,173,Defender,4.3,2.23,90,Man City (H),0.055,0.043,0.096,0.094,0.062
568,Muric,Ipswich,286,Goalkeeper,4.4,3.95,90,Everton (H),0.0,0.0,0.0,0.276,0.0
569,Jaden,Aston Villa,241,Midfielder,5.3,1.55,44,Fulham (A),0.047,0.04,0.085,0.234,0.06
571,Sávio,Man City,30,Midfielder,6.5,2.02,38,Wolves (A),0.03,0.026,0.055,0.227,0.038
573,Milenković,Nott'm Forest,190,Defender,4.5,3.41,85,Crystal Palace (H),0.047,0.04,0.085,0.312,0.06
578,Calafiori,Arsenal,106,Defender,5.8,1.08,27,Bournemouth (A),0.053,0.046,0.097,0.357,0.068
589,Füllkrug,West Ham,80,Forward,6.7,0.14,6,Spurs (A),0.01,0.009,0.019,0.024,0.013
590,Osula,Newcastle,58,Forward,5.0,0.03,2,Brighton (H),0.0,0.0,0.0,0.0,0.0
593,De Ligt,Man Utd,152,Defender,5.0,3.93,76,Brentford (H),0.054,0.047,0.098,0.357,0.069
594,Mazraoui,Man Utd,145,Defender,4.6,2.97,65,Brentford (H),0.054,0.047,0.098,0.357,0.069
597,Lewis-Skelly,Arsenal,241,Midfielder,4.5,0.0,0,Bournemouth (A),0.0,0.0,0.0,0.0,0.0
598,Bogarde,Aston Villa,152,Defender,4.0,0.28,17,Fulham (A),0.014,0.012,0.025,0.069,0.018
599,Dennis,Bournemouth,241,Goalkeeper,4.0,0.0,0,Arsenal (H),0.0,0.0,0.0,0.0,0.0
600,Ayari,Brighton,206,Midfielder,5.0,1.4,49,Newcastle (A),0.086,0.032,0.115,0.125,0.097
602,Trevitt,Brentford,241,Midfielder,4.5,0.0,0,Man Utd (A),0.0,0.0,0.0,0.0,0.0
603,Armstrong,Everton,241,Midfielder,4.5,0.0,0,Ipswich (A),0.0,0.0,0.0,0.0,0.0
604,King,Fulham,241,Midfielder,4.5,0.0,0,Aston Villa (H),0.0,0.0,0.0,0.0,0.0
605,Godo,Fulham,241,Midfielder,4.5,0.0,0,Aston Villa (H),0.0,0.0,0.0,0.0,0.0
606,Alves,Leicester,241,Midfielder,4.5,0.0,0,Southampton (A),0.0,0.0,0.0,0.0,0.0
608,Dibling,Southampton,241,Midfielder,4.6,2.91,69,Leicester (H),0.048,0.042,0.088,0.268,0.062
609,Lankshear,Spurs,241,Forward,4.5,0.0,0,West Ham (H),0.0,0.0,0.0,0.0,0.0
610,Moore,Spurs,241,Midfielder,4.5,0.0,0,West Ham (H),0.0,0.0,0.0,0.0,0.0
613,Collyer,Man Utd,241,Midfielder,4.5,0.0,0,Brentford (H),0.0,0.0,0.0,0.0,0.0
617,Evanilson,Bournemouth,30,Forward,5.9,3.94,75,Arsenal (H),0.042,0.036,0.076,0.144,0.054
618,Georginio,Brighton,73,Midfielder,5.5,3.68,75,Newcastle (A),0.047,0.04,0.085,0.17,0.06
619,Cajuste,Ipswich,206,Midfielder,4.5,0.1,10,Everton (H),0.0,0.0,0.0,0.0,0.0
620,Sosa,Nott'm Forest,168,Midfielder,5.5,0.08,4,Crystal Palace (H),0.0,0.0,0.0,0.0,0.0
623,M.Fernandes,Southampton,173,Midfielder,5.0,3.01,72,Leicester (H),0.048,0.042,0.088,0.268,0.062
624,Begovic,Everton,27,Goalkeeper,4.0,0.0,0,Ipswich (A),0.0,0.0,0.0,0.0,0.0
625,Gündogan,Man City,80,Midfielder,6.5,3.03,56,Wolves (A),0.056,0.048,0.102,0.426,0.072
627,Dixon,Everton,241,Defender,4.0,0.04,9,Ipswich (A),0.0,0.0,0.0,0.0,0.0
628,F.Kadıoğlu,Brighton,219,Defender,4.5,0.89,39,Newcastle (A),0.0,0.0,0.0,0.0,0.0
630,O'Shea,Ipswich,104,Defender,4.0,3.62,90,Everton (H),0.071,0.074,0.14,0.276,0.081
631,J.Clarke,Ipswich,241,Midfielder,5.5,2.54,56,Everton (H),0.048,0.042,0.088,0.276,0.062
632,Ogbene,Ipswich,104,Midfielder,5.0,1.61,34,Everton (H),0.064,0.049,0.109,0.114,0.074
633,Merino,Arsenal,200,Midfielder,6.0,0.1,10,Bournemouth (A),0.0,0.0,0.0,0.0,0.0
634,G.Nunes,Brentford,30,Midfielder,4.9,0.0,0,Man Utd (A),0.0,0.0,0.0,0.0,0.0
637,Meupiyou,Wolves,73,Defender,4.0,0.0,0,Man City (H),0.0,0.0,0.0,0.0,0.0
638,Oulad M'hand,Arsenal,152,Midfielder,4.5,0.0,0,Bournemouth (A),0.0,0.0,0.0,0.0,0.0
639,Setford,Arsenal,241,Goalkeeper,4.5,0.0,0,Bournemouth (A),0.0,0.0,0.0,0.0,0.0
640,Swinkels,Aston Villa,152,Defender,4.0,0.0,0,Fulham (A),0.0,0.0,0.0,0.0,0.0
641,Zych,Aston Villa,172,Goalkeeper,4.0,0.0,0,Fulham (A),0.0,0.0,0.0,0.0,0.0
642,André,Wolves,30,Midfielder,5.0,2.54,78,Man City (H),0.038,0.033,0.07,0.094,0.049
643,Casey,West Ham,241,Defender,4.0,0.0,0,Spurs (A),0.0,0.0,0.0,0.0,0.0
644,Umeh-Chibueze,Crystal Palace,104,Midfielder,4.5,0.0,0,Nott'm Forest (A),0.0,0.0,0.0,0.0,0.0
645,Devenny,Crystal Palace,242,Midfielder,4.5,0.0,0,Nott'm Forest (A),0.0,0.0,0.0,0.0,0.0
646,Agbinone,Crystal Palace,241,Midfielder,4.5,0.0,0,Nott'm Forest (A),0.0,0.0,0.0,0.0,0.0
647,Rodney,Crystal Palace,241,Midfielder,4.5,0.0,0,Nott'm Forest (A),0.0,0.0,0.0,0.0,0.0
648,Wheatley,Man Utd,241,Forward,4.5,0.0,0,Brentford (H),0.0,0.0,0.0,0.0,0.0
649,Meghoma,Brentford,241,Defender,4.0,0.0,0,Man Utd (A),0.0,0.0,0.0,0.0,0.0
650,Lacroix,Crystal Palace,73,Defender,4.5,2.84,90,Nott'm Forest (A),0.044,0.038,0.081,0.268,0.057
651,Mangala,Everton,21,Midfielder,5.0,2.41,77,Ipswich (A),0.064,0.056,0.116,0.234,0.072
653,Morato,Nott'm Forest,30,Defender,4.5,0.0,0,Crystal Palace (H),0.0,0.0,0.0,0.0,0.0
654,C.Soler,West Ham,200,Midfielder,5.0,1.07,25,Spurs (A),0.0,0.0,0.0,0.0,0.0
655,Forbs,Wolves,173,Midfielder,5.5,1.25,26,Man City (H),0.0,0.0,0.0,0.0,0.0
656,Young,Aston Villa,241,Midfielder,4.5,0.0,0,Fulham (A),0.0,0.0,0.0,0.0,0.0
657,Kacurri,Arsenal,2,Defender,4.0,0.0,0,Bournemouth (A),0.0,0.0,0.0,0.0,0.0
658,Heaven,Arsenal,241,Defender,4.0,0.0,0,Bournemouth (A),0.0,0.0,0.0,0.0,0.0
659,Kabia,Arsenal,152,Midfielder,4.5,0.0,0,Bournemouth (A),0.0,0.0,0.0,0.0,0.0
660,Jaros,Liverpool,57,Goalkeeper,4.0,0.0,0,Chelsea (H),0.0,0.0,0.0,0.0,0.0
661,Yogane,Brentford,241,Midfielder,4.5,0.0,0,Man Utd (A),0.0,0.0,0.0,0.0,0.0
662,Nichols,Arsenal,241,Defender,4.0,0.0,0,Bournemouth (A),0.0,0.0,0.0,0.0,0.0
663,Samuels,Brighton,241,Defender,4.0,0.0,0,Newcastle (A),0.0,0.0,0.0,0.0,0.0
664,Pond,Wolves,241,Defender,4.0,0.0,0,Man City (H),0.0,0.0,0.0,0.0,0.0
665,Butler-Oyedeji,Arsenal,241,Forward,4.5,0.0,0,Bournemouth (A),0.0,0.0,0.0,0.0,0.0
666,Kporha,Crystal Palace,241,Defender,4.0,0.0,0,Nott'm Forest (A),0.0,0.0,0.0,0.0,0.0
