premier_league_rank_x,Team,premier_league_matches_played,premier_league_wins,premier_league_draws,premier_league_losses,premier_league_goals_for,premier_league_goals_against,premier_league_goal_difference,premier_league_points,premier_league_points_match,premier_league_expected_goals,premier_league_xg_allowed,premier_league_xg_difference,premier_league_xg_difference_90,premier_league_Last 5,premier_league_attendance_game,premier_league_Top Team Scorer,premier_league_Goalkeeper,premier_league_Notes,premier_league_rank_y,premier_league_Home_MP,premier_league_Home_W,premier_league_Home_D,premier_league_Home_L,premier_league_Home_GF,premier_league_Home_GA,premier_league_Home_GD,premier_league_Home_Pts,premier_league_Home_Pts/MP,premier_league_Home_xG,premier_league_Home_xGA,premier_league_Home_xGD,premier_league_Home_xGD/90,premier_league_Away_MP,premier_league_Away_W,premier_league_Away_D,premier_league_Away_L,premier_league_Away_GF,premier_league_Away_GA,premier_league_Away_GD,premier_league_Away_Pts,premier_league_Away_Pts/MP,premier_league_Away_xG,premier_league_Away_xGA,premier_league_Away_xGD,premier_league_Away_xGD/90,squad_standard_stats_of_players,squad_standard_stats_average_age,squad_standard_stats_possession,squad_standard_stats_Playing Time_MP,squad_standard_stats_Playing Time_Starts,squad_standard_stats_Playing Time_Min,squad_standard_stats_Playing Time_90s,squad_standard_stats_Performance_Gls,squad_standard_stats_Performance_Ast,squad_standard_stats_Performance_G+A,squad_standard_stats_Performance_G-PK,squad_standard_stats_Performance_PK,squad_standard_stats_Performance_PKatt,squad_standard_stats_Performance_CrdY,squad_standard_stats_Performance_CrdR,squad_standard_stats_Expected_xG,squad_standard_stats_Expected_npxG,squad_standard_stats_Expected_xAG,squad_standard_stats_Expected_npxG+xAG,squad_standard_stats_Progression_PrgC,squad_standard_stats_Progression_PrgP,squad_standard_stats_Per 90 Minutes_Gls,squad_standard_stats_Per 90 Minutes_Ast,squad_standard_stats_Per 90 Minutes_G+A,squad_standard_stats_Per 90 Minutes_G-PK,squad_standard_stats_Per 90 Minutes_G+A-PK,squad_standard_stats_Per 90 Minutes_xG,squad_standard_stats_Per 90 Minutes_xAG,squad_standard_stats_Per 90 Minutes_xG+xAG,squad_standard_stats_Per 90 Minutes_npxG,squad_standard_stats_Per 90 Minutes_npxG+xAG,squad_standard_stats_of_players_AGAINST,squad_standard_stats_average_age_AGAINST,squad_standard_stats_possession_AGAINST,squad_standard_stats_Playing Time_MP_AGAINST,squad_standard_stats_Playing Time_Starts_AGAINST,squad_standard_stats_Playing Time_Min_AGAINST,squad_standard_stats_Playing Time_90s_AGAINST,squad_standard_stats_Performance_Gls_AGAINST,squad_standard_stats_Performance_Ast_AGAINST,squad_standard_stats_Performance_G+A_AGAINST,squad_standard_stats_Performance_G-PK_AGAINST,squad_standard_stats_Performance_PK_AGAINST,squad_standard_stats_Performance_PKatt_AGAINST,squad_standard_stats_Performance_CrdY_AGAINST,squad_standard_stats_Performance_CrdR_AGAINST,squad_standard_stats_Expected_xG_AGAINST,squad_standard_stats_Expected_npxG_AGAINST,squad_standard_stats_Expected_xAG_AGAINST,squad_standard_stats_Expected_npxG+xAG_AGAINST,squad_standard_stats_Progression_PrgC_AGAINST,squad_standard_stats_Progression_PrgP_AGAINST,squad_standard_stats_Per 90 Minutes_Gls_AGAINST,squad_standard_stats_Per 90 Minutes_Ast_AGAINST,squad_standard_stats_Per 90 Minutes_G+A_AGAINST,squad_standard_stats_Per 90 Minutes_G-PK_AGAINST,squad_standard_stats_Per 90 Minutes_G+A-PK_AGAINST,squad_standard_stats_Per 90 Minutes_xG_AGAINST,squad_standard_stats_Per 90 Minutes_xAG_AGAINST,squad_standard_stats_Per 90 Minutes_xG+xAG_AGAINST,squad_standard_stats_Per 90 Minutes_npxG_AGAINST,squad_standard_stats_Per 90 Minutes_npxG+xAG_AGAINST,squad_goalkeeping_of_players,squad_goalkeeping_Playing Time_MP,squad_goalkeeping_Playing Time_Starts,squad_goalkeeping_Playing Time_Min,squad_goalkeeping_Playing Time_90s,squad_goalkeeping_Performance_GA,squad_goalkeeping_Performance_GA90,squad_goalkeeping_Performance_SoTA,squad_goalkeeping_Performance_Saves,squad_goalkeeping_Performance_Save%,squad_goalkeeping_Performance_W,squad_goalkeeping_Performance_D,squad_goalkeeping_Performance_L,squad_goalkeeping_Performance_CS,squad_goalkeeping_Performance_CS%,squad_goalkeeping_Penalty Kicks_PKatt,squad_goalkeeping_Penalty Kicks_PKA,squad_goalkeeping_Penalty Kicks_PKsv,squad_goalkeeping_Penalty Kicks_PKm,squad_goalkeeping_Penalty Kicks_Save%,squad_goalkeeping_of_players_AGAINST,squad_goalkeeping_Playing Time_MP_AGAINST,squad_goalkeeping_Playing Time_Starts_AGAINST,squad_goalkeeping_Playing Time_Min_AGAINST,squad_goalkeeping_Playing Time_90s_AGAINST,squad_goalkeeping_Performance_GA_AGAINST,squad_goalkeeping_Performance_GA90_AGAINST,squad_goalkeeping_Performance_SoTA_AGAINST,squad_goalkeeping_Performance_Saves_AGAINST,squad_goalkeeping_Performance_Save%_AGAINST,squad_goalkeeping_Performance_W_AGAINST,squad_goalkeeping_Performance_D_AGAINST,squad_goalkeeping_Performance_L_AGAINST,squad_goalkeeping_Performance_CS_AGAINST,squad_goalkeeping_Performance_CS%_AGAINST,squad_goalkeeping_Penalty Kicks_PKatt_AGAINST,squad_goalkeeping_Penalty Kicks_PKA_AGAINST,squad_goalkeeping_Penalty Kicks_PKsv_AGAINST,squad_goalkeeping_Penalty Kicks_PKm_AGAINST,squad_goalkeeping_Penalty Kicks_Save%_AGAINST,squad_advanced_goalkeeping_of_players,squad_advanced_goalkeeping_90s_played,squad_advanced_goalkeeping_Goals_GA,squad_advanced_goalkeeping_Goals_PKA,squad_advanced_goalkeeping_Goals_FK,squad_advanced_goalkeeping_Goals_CK,squad_advanced_goalkeeping_Goals_OG,squad_advanced_goalkeeping_Expected_PSxG,squad_advanced_goalkeeping_Expected_PSxG/SoT,squad_advanced_goalkeeping_Expected_PSxG+/-,squad_advanced_goalkeeping_Expected_/90,squad_advanced_goalkeeping_Launched_Cmp,squad_advanced_goalkeeping_Launched_Att,squad_advanced_goalkeeping_Launched_Cmp%,squad_advanced_goalkeeping_Passes_Att (GK),squad_advanced_goalkeeping_Passes_Thr,squad_advanced_goalkeeping_Passes_Launch%,squad_advanced_goalkeeping_Passes_AvgLen,squad_advanced_goalkeeping_Goal Kicks_Att,squad_advanced_goalkeeping_Goal Kicks_Launch%,squad_advanced_goalkeeping_Goal Kicks_AvgLen,squad_advanced_goalkeeping_Crosses_Opp,squad_advanced_goalkeeping_Crosses_Stp,squad_advanced_goalkeeping_Crosses_Stp%,squad_advanced_goalkeeping_Sweeper_#OPA,squad_advanced_goalkeeping_Sweeper_#OPA/90,squad_advanced_goalkeeping_Sweeper_AvgDist,squad_advanced_goalkeeping_of_players_AGAINST,squad_advanced_goalkeeping_90s_played_AGAINST,squad_advanced_goalkeeping_Goals_GA_AGAINST,squad_advanced_goalkeeping_Goals_PKA_AGAINST,squad_advanced_goalkeeping_Goals_FK_AGAINST,squad_advanced_goalkeeping_Goals_CK_AGAINST,squad_advanced_goalkeeping_Goals_OG_AGAINST,squad_advanced_goalkeeping_Expected_PSxG_AGAINST,squad_advanced_goalkeeping_Expected_PSxG/SoT_AGAINST,squad_advanced_goalkeeping_Expected_PSxG+/-_AGAINST,squad_advanced_goalkeeping_Expected_/90_AGAINST,squad_advanced_goalkeeping_Launched_Cmp_AGAINST,squad_advanced_goalkeeping_Launched_Att_AGAINST,squad_advanced_goalkeeping_Launched_Cmp%_AGAINST,squad_advanced_goalkeeping_Passes_Att (GK)_AGAINST,squad_advanced_goalkeeping_Passes_Thr_AGAINST,squad_advanced_goalkeeping_Passes_Launch%_AGAINST,squad_advanced_goalkeeping_Passes_AvgLen_AGAINST,squad_advanced_goalkeeping_Goal Kicks_Att_AGAINST,squad_advanced_goalkeeping_Goal Kicks_Launch%_AGAINST,squad_advanced_goalkeeping_Goal Kicks_AvgLen_AGAINST,squad_advanced_goalkeeping_Crosses_Opp_AGAINST,squad_advanced_goalkeeping_Crosses_Stp_AGAINST,squad_advanced_goalkeeping_Crosses_Stp%_AGAINST,squad_advanced_goalkeeping_Sweeper_#OPA_AGAINST,squad_advanced_goalkeeping_Sweeper_#OPA/90_AGAINST,squad_advanced_goalkeeping_Sweeper_AvgDist_AGAINST,squad_shooting_of_players,squad_shooting_90s_played,squad_shooting_Standard_Gls,squad_shooting_Standard_Sh,squad_shooting_Standard_SoT,squad_shooting_Standard_SoT%,squad_shooting_Standard_Sh/90,squad_shooting_Standard_SoT/90,squad_shooting_Standard_G/Sh,squad_shooting_Standard_G/SoT,squad_shooting_Standard_Dist,squad_shooting_Standard_FK,squad_shooting_Standard_PK,squad_shooting_Standard_PKatt,squad_shooting_Expected_xG,squad_shooting_Expected_npxG,squad_shooting_Expected_npxG/Sh,squad_shooting_Expected_G-xG,squad_shooting_Expected_np:G-xG,squad_shooting_of_players_AGAINST,squad_shooting_90s_played_AGAINST,squad_shooting_Standard_Gls_AGAINST,squad_shooting_Standard_Sh_AGAINST,squad_shooting_Standard_SoT_AGAINST,squad_shooting_Standard_SoT%_AGAINST,squad_shooting_Standard_Sh/90_AGAINST,squad_shooting_Standard_SoT/90_AGAINST,squad_shooting_Standard_G/Sh_AGAINST,squad_shooting_Standard_G/SoT_AGAINST,squad_shooting_Standard_Dist_AGAINST,squad_shooting_Standard_FK_AGAINST,squad_shooting_Standard_PK_AGAINST,squad_shooting_Standard_PKatt_AGAINST,squad_shooting_Expected_xG_AGAINST,squad_shooting_Expected_npxG_AGAINST,squad_shooting_Expected_npxG/Sh_AGAINST,squad_shooting_Expected_G-xG_AGAINST,squad_shooting_Expected_np:G-xG_AGAINST,squad_passing_of_players,squad_passing_90s_played,squad_passing_Total_Cmp,squad_passing_Total_Att,squad_passing_Total_Cmp%,squad_passing_Total_TotDist,squad_passing_Total_PrgDist,squad_passing_Short_Cmp,squad_passing_Short_Att,squad_passing_Short_Cmp%,squad_passing_Medium_Cmp,squad_passing_Medium_Att,squad_passing_Medium_Cmp%,squad_passing_Long_Cmp,squad_passing_Long_Att,squad_passing_Long_Cmp%,squad_passing_assists,squad_passing_xag__exp__assisted_goals,squad_passing_Expected_xA,squad_passing_Expected_A-xAG,squad_passing_key_passes,squad_passing_passes_into_final_third,squad_passing_passes_into_penalty_area,squad_passing_crosses_into_penalty_area,squad_passing_progressive_passes,squad_passing_of_players_AGAINST,squad_passing_90s_played_AGAINST,squad_passing_Total_Cmp_AGAINST,squad_passing_Total_Att_AGAINST,squad_passing_Total_Cmp%_AGAINST,squad_passing_Total_TotDist_AGAINST,squad_passing_Total_PrgDist_AGAINST,squad_passing_Short_Cmp_AGAINST,squad_passing_Short_Att_AGAINST,squad_passing_Short_Cmp%_AGAINST,squad_passing_Medium_Cmp_AGAINST,squad_passing_Medium_Att_AGAINST,squad_passing_Medium_Cmp%_AGAINST,squad_passing_Long_Cmp_AGAINST,squad_passing_Long_Att_AGAINST,squad_passing_Long_Cmp%_AGAINST,squad_passing_assists_AGAINST,squad_passing_xag__exp__assisted_goals_AGAINST,squad_passing_Expected_xA_AGAINST,squad_passing_Expected_A-xAG_AGAINST,squad_passing_key_passes_AGAINST,squad_passing_passes_into_final_third_AGAINST,squad_passing_passes_into_penalty_area_AGAINST,squad_passing_crosses_into_penalty_area_AGAINST,squad_passing_progressive_passes_AGAINST,squad_pass_types_of_players,squad_pass_types_90s_played,squad_pass_types_passes_attempted__launched,squad_pass_types_Pass Types_Live,squad_pass_types_Pass Types_Dead,squad_pass_types_Pass Types_FK,squad_pass_types_Pass Types_TB,squad_pass_types_Pass Types_Sw,squad_pass_types_Pass Types_Crs,squad_pass_types_Pass Types_TI,squad_pass_types_Pass Types_CK,squad_pass_types_Corner Kicks_In,squad_pass_types_Corner Kicks_Out,squad_pass_types_Corner Kicks_Str,squad_pass_types_Outcomes_Cmp,squad_pass_types_Outcomes_Off,squad_pass_types_Outcomes_Blocks,squad_pass_types_of_players_AGAINST,squad_pass_types_90s_played_AGAINST,squad_pass_types_passes_attempted__launched_AGAINST,squad_pass_types_Pass Types_Live_AGAINST,squad_pass_types_Pass Types_Dead_AGAINST,squad_pass_types_Pass Types_FK_AGAINST,squad_pass_types_Pass Types_TB_AGAINST,squad_pass_types_Pass Types_Sw_AGAINST,squad_pass_types_Pass Types_Crs_AGAINST,squad_pass_types_Pass Types_TI_AGAINST,squad_pass_types_Pass Types_CK_AGAINST,squad_pass_types_Corner Kicks_In_AGAINST,squad_pass_types_Corner Kicks_Out_AGAINST,squad_pass_types_Corner Kicks_Str_AGAINST,squad_pass_types_Outcomes_Cmp_AGAINST,squad_pass_types_Outcomes_Off_AGAINST,squad_pass_types_Outcomes_Blocks_AGAINST,squad_goal_and_shot_creation_of_players,squad_goal_and_shot_creation_90s_played,squad_goal_and_shot_creation_SCA_SCA,squad_goal_and_shot_creation_SCA_SCA90,squad_goal_and_shot_creation_SCA Types_PassLive,squad_goal_and_shot_creation_SCA Types_PassDead,squad_goal_and_shot_creation_SCA Types_TO,squad_goal_and_shot_creation_SCA Types_Sh,squad_goal_and_shot_creation_SCA Types_Fld,squad_goal_and_shot_creation_SCA Types_Def,squad_goal_and_shot_creation_GCA_GCA,squad_goal_and_shot_creation_GCA_GCA90,squad_goal_and_shot_creation_GCA Types_PassLive,squad_goal_and_shot_creation_GCA Types_PassDead,squad_goal_and_shot_creation_GCA Types_TO,squad_goal_and_shot_creation_GCA Types_Sh,squad_goal_and_shot_creation_GCA Types_Fld,squad_goal_and_shot_creation_GCA Types_Def,squad_goal_and_shot_creation_of_players_AGAINST,squad_goal_and_shot_creation_90s_played_AGAINST,squad_goal_and_shot_creation_SCA_SCA_AGAINST,squad_goal_and_shot_creation_SCA_SCA90_AGAINST,squad_goal_and_shot_creation_SCA Types_PassLive_AGAINST,squad_goal_and_shot_creation_SCA Types_PassDead_AGAINST,squad_goal_and_shot_creation_SCA Types_TO_AGAINST,squad_goal_and_shot_creation_SCA Types_Sh_AGAINST,squad_goal_and_shot_creation_SCA Types_Fld_AGAINST,squad_goal_and_shot_creation_SCA Types_Def_AGAINST,squad_goal_and_shot_creation_GCA_GCA_AGAINST,squad_goal_and_shot_creation_GCA_GCA90_AGAINST,squad_goal_and_shot_creation_GCA Types_PassLive_AGAINST,squad_goal_and_shot_creation_GCA Types_PassDead_AGAINST,squad_goal_and_shot_creation_GCA Types_TO_AGAINST,squad_goal_and_shot_creation_GCA Types_Sh_AGAINST,squad_goal_and_shot_creation_GCA Types_Fld_AGAINST,squad_goal_and_shot_creation_GCA Types_Def_AGAINST,squad_defensive_actions_of_players,squad_defensive_actions_90s_played,squad_defensive_actions_Tackles_Tkl,squad_defensive_actions_Tackles_TklW,squad_defensive_actions_Tackles_Def 3rd,squad_defensive_actions_Tackles_Mid 3rd,squad_defensive_actions_Tackles_Att 3rd,squad_defensive_actions_Challenges_Tkl,squad_defensive_actions_Challenges_Att,squad_defensive_actions_Challenges_Tkl%,squad_defensive_actions_Challenges_Lost,squad_defensive_actions_Blocks_Blocks,squad_defensive_actions_Blocks_Sh,squad_defensive_actions_Blocks_Pass,squad_defensive_actions_interceptions,squad_defensive_actions_Tkl+Int,squad_defensive_actions_clearances,squad_defensive_actions_errors,squad_defensive_actions_of_players_AGAINST,squad_defensive_actions_90s_played_AGAINST,squad_defensive_actions_Tackles_Tkl_AGAINST,squad_defensive_actions_Tackles_TklW_AGAINST,squad_defensive_actions_Tackles_Def 3rd_AGAINST,squad_defensive_actions_Tackles_Mid 3rd_AGAINST,squad_defensive_actions_Tackles_Att 3rd_AGAINST,squad_defensive_actions_Challenges_Tkl_AGAINST,squad_defensive_actions_Challenges_Att_AGAINST,squad_defensive_actions_Challenges_Tkl%_AGAINST,squad_defensive_actions_Challenges_Lost_AGAINST,squad_defensive_actions_Blocks_Blocks_AGAINST,squad_defensive_actions_Blocks_Sh_AGAINST,squad_defensive_actions_Blocks_Pass_AGAINST,squad_defensive_actions_interceptions_AGAINST,squad_defensive_actions_Tkl+Int_AGAINST,squad_defensive_actions_clearances_AGAINST,squad_defensive_actions_errors_AGAINST,squad_possession_of_players,squad_possession_possession,squad_possession_90s_played,squad_possession_Touches_Touches,squad_possession_Touches_Def Pen,squad_possession_Touches_Def 3rd,squad_possession_Touches_Mid 3rd,squad_possession_Touches_Att 3rd,squad_possession_Touches_Att Pen,squad_possession_Touches_Live,squad_possession_Take-Ons_Att,squad_possession_Take-Ons_Succ,squad_possession_Take-Ons_Succ%,squad_possession_Take-Ons_Tkld,squad_possession_Take-Ons_Tkld%,squad_possession_Carries_Carries,squad_possession_Carries_TotDist,squad_possession_Carries_PrgDist,squad_possession_Carries_PrgC,squad_possession_Carries_1/3,squad_possession_Carries_CPA,squad_possession_Carries_Mis,squad_possession_Carries_Dis,squad_possession_Receiving_Rec,squad_possession_Receiving_PrgR,squad_possession_of_players_AGAINST,squad_possession_possession_AGAINST,squad_possession_90s_played_AGAINST,squad_possession_Touches_Touches_AGAINST,squad_possession_Touches_Def Pen_AGAINST,squad_possession_Touches_Def 3rd_AGAINST,squad_possession_Touches_Mid 3rd_AGAINST,squad_possession_Touches_Att 3rd_AGAINST,squad_possession_Touches_Att Pen_AGAINST,squad_possession_Touches_Live_AGAINST,squad_possession_Take-Ons_Att_AGAINST,squad_possession_Take-Ons_Succ_AGAINST,squad_possession_Take-Ons_Succ%_AGAINST,squad_possession_Take-Ons_Tkld_AGAINST,squad_possession_Take-Ons_Tkld%_AGAINST,squad_possession_Carries_Carries_AGAINST,squad_possession_Carries_TotDist_AGAINST,squad_possession_Carries_PrgDist_AGAINST,squad_possession_Carries_PrgC_AGAINST,squad_possession_Carries_1/3_AGAINST,squad_possession_Carries_CPA_AGAINST,squad_possession_Carries_Mis_AGAINST,squad_possession_Carries_Dis_AGAINST,squad_possession_Receiving_Rec_AGAINST,squad_possession_Receiving_PrgR_AGAINST,squad_playing_time_of_players,squad_playing_time_average_age,squad_playing_time_Playing Time_MP,squad_playing_time_Playing Time_Min,squad_playing_time_Playing Time_Mn/MP,squad_playing_time_Playing Time_Min%,squad_playing_time_Playing Time_90s,squad_playing_time_Starts_Starts,squad_playing_time_Starts_Mn/Start,squad_playing_time_Starts_Compl,squad_playing_time_Subs_Subs,squad_playing_time_Subs_Mn/Sub,squad_playing_time_Subs_unSub,squad_playing_time_Team Success_PPM,squad_playing_time_Team Success_onG,squad_playing_time_Team Success_onGA,squad_playing_time_Team Success_+/-,squad_playing_time_Team Success_+/-90,squad_playing_time_Team Success (xG)_onxG,squad_playing_time_Team Success (xG)_onxGA,squad_playing_time_Team Success (xG)_xG+/-,squad_playing_time_Team Success (xG)_xG+/-90,squad_playing_time_of_players_AGAINST,squad_playing_time_average_age_AGAINST,squad_playing_time_Playing Time_MP_AGAINST,squad_playing_time_Playing Time_Min_AGAINST,squad_playing_time_Playing Time_Mn/MP_AGAINST,squad_playing_time_Playing Time_Min%_AGAINST,squad_playing_time_Playing Time_90s_AGAINST,squad_playing_time_Starts_Starts_AGAINST,squad_playing_time_Starts_Mn/Start_AGAINST,squad_playing_time_Starts_Compl_AGAINST,squad_playing_time_Subs_Subs_AGAINST,squad_playing_time_Subs_Mn/Sub_AGAINST,squad_playing_time_Subs_unSub_AGAINST,squad_playing_time_Team Success_PPM_AGAINST,squad_playing_time_Team Success_onG_AGAINST,squad_playing_time_Team Success_onGA_AGAINST,squad_playing_time_Team Success_+/-_AGAINST,squad_playing_time_Team Success_+/-90_AGAINST,squad_playing_time_Team Success (xG)_onxG_AGAINST,squad_playing_time_Team Success (xG)_onxGA_AGAINST,squad_playing_time_Team Success (xG)_xG+/-_AGAINST,squad_playing_time_Team Success (xG)_xG+/-90_AGAINST,squad_miscellaneous_stats_of_players,squad_miscellaneous_stats_90s_played,squad_miscellaneous_stats_Performance_CrdY,squad_miscellaneous_stats_Performance_CrdR,squad_miscellaneous_stats_Performance_2CrdY,squad_miscellaneous_stats_Performance_Fls,squad_miscellaneous_stats_Performance_Fld,squad_miscellaneous_stats_Performance_Off,squad_miscellaneous_stats_Performance_Crs,squad_miscellaneous_stats_Performance_Int,squad_miscellaneous_stats_Performance_TklW,squad_miscellaneous_stats_Performance_PKwon,squad_miscellaneous_stats_Performance_PKcon,squad_miscellaneous_stats_Performance_OG,squad_miscellaneous_stats_Performance_Recov,squad_miscellaneous_stats_Aerial Duels_Won,squad_miscellaneous_stats_Aerial Duels_Lost,squad_miscellaneous_stats_Aerial Duels_Won%,squad_miscellaneous_stats_of_players_AGAINST,squad_miscellaneous_stats_90s_played_AGAINST,squad_miscellaneous_stats_Performance_CrdY_AGAINST,squad_miscellaneous_stats_Performance_CrdR_AGAINST,squad_miscellaneous_stats_Performance_2CrdY_AGAINST,squad_miscellaneous_stats_Performance_Fls_AGAINST,squad_miscellaneous_stats_Performance_Fld_AGAINST,squad_miscellaneous_stats_Performance_Off_AGAINST,squad_miscellaneous_stats_Performance_Crs_AGAINST,squad_miscellaneous_stats_Performance_Int_AGAINST,squad_miscellaneous_stats_Performance_TklW_AGAINST,squad_miscellaneous_stats_Performance_PKwon_AGAINST,squad_miscellaneous_stats_Performance_PKcon_AGAINST,squad_miscellaneous_stats_Performance_OG_AGAINST,squad_miscellaneous_stats_Performance_Recov_AGAINST,squad_miscellaneous_stats_Aerial Duels_Won_AGAINST,squad_miscellaneous_stats_Aerial Duels_Lost_AGAINST,squad_miscellaneous_stats_Aerial Duels_Won%_AGAINST
3,Arsenal,7,5,2,0,15,6,9,17,2.43,12.8,7.2,5.6,0.8,D W D W W,60304,Kai Havertz - 4,David Raya,,3,4,3,1,0,10,4,6,10,2.5,10.6,3.2,7.4,1.85,3,2,1,0,5,2,3,7,2.33,2.3,4.1,-1.8,-0.61,23,26.3,48.9,7,77,630,7.0,14,11,25,14,0,0,21,2,12.8,12.8,9.4,22.2,142,294,2.0,1.57,3.57,2.0,3.57,1.83,1.34,3.17,1.83,3.17,23,26.3,51.1,7,77,630,7.0,6,4,10,6,0,0,20,0,7.2,7.2,4.9,12.2,166,228,0.86,0.57,1.43,0.86,1.43,1.04,0.7,1.74,1.04,1.74,1,7,7,630,7.0,6,0.86,31,25,80.6,5,2,0,3,42.9,0,0,0,0,,1,7,7,630,7.0,15,2.14,46,32,67.4,0,2,5,0,0.0,0,0,0,0,,1,7.0,6,0,0,1,0,5.1,0.17,-0.9,-0.13,39,113,34.5,190,23,41.1,34.6,45,77.8,52.6,84,11,13.1,7,1.0,11.5,1,7.0,15,0,0,2,1,15.7,0.35,1.7,0.24,32,86,37.2,198,22,34.8,33.7,55,30.9,27.6,104,4,3.8,10,1.43,15.1,23,7.0,14,114,46,40.4,16.29,6.57,0.12,0.3,14.8,0,0,0,12.8,12.8,0.12,1.2,1.2,23,7.0,6,103,31,30.1,14.71,4.43,0.06,0.19,18.6,2,0,0,7.2,7.2,0.07,-1.2,-1.2,23,7.0,2594,3152,82.3,45093,14495,1211,1343,90.2,1159,1316,88.1,189,372,50.8,11,9.4,8.2,1.6,89,188,79,12,294,23,7.0,2716,3252,83.5,45032,14521,1367,1500,91.1,1093,1233,88.6,201,375,53.6,4,4.9,5.9,-0.9,75,223,50,18,228,23,7.0,3152,2862,281,72,12,17,125,101,50,45,0,2,2594,9,52,23,7.0,3252,2940,304,93,9,11,116,105,29,14,6,0,2716,8,53,23,7.0,202,28.86,158,15,10,14,2,3,24,3.43,18,4,0,2,0,0,23,7.0,187,26.71,142,12,9,14,5,5,10,1.43,4,1,1,2,1,1,23,7.0,124,79,51,46,27,67,123,54.5,56,83,36,47,54,178,143,6,23,7.0,128,71,73,38,17,53,124,42.7,71,76,31,45,43,171,170,7,23,48.9,7.0,3897,384,1098,1549,1283,257,3897,141,71,50.4,53,37.6,2154,11377,6053,142,69,65,70,75,2569,288,23,51.1,7.0,4035,564,1321,1513,1248,163,4035,139,56,40.3,67,48.2,2407,13157,7323,166,112,49,85,57,2680,227,23,26.3,7,630,90,100,7.0,77,84,51,24,15,39,2.43,15,6,9,1.29,12.8,7.2,5.6,0.8,23,26.3,7,630,90,100,7.0,77,84,46,31,20,32,0.29,6,15,-9,-1.29,7.2,12.8,-5.6,-0.8,23,7.0,21,2,2,86,62,9,125,54,79,0,0,0,245,90,99,47.6,23,7.0,20,0,0,64,86,8,116,43,71,0,0,1,234,99,90,52.4
5,Aston Villa,7,4,2,1,12,9,3,14,2.0,9.8,6.8,3.0,0.43,W W W D D,41046,"Ollie Watkins, Jhon Durán - 4",Emiliano Martínez,,5,4,2,1,1,6,5,1,7,1.75,5.6,2.8,2.7,0.69,3,2,1,0,6,4,2,7,2.33,4.2,3.9,0.3,0.09,20,27.1,52.1,7,77,630,7.0,12,11,23,12,0,0,14,0,9.8,9.8,8.1,17.8,133,238,1.71,1.57,3.29,1.71,3.29,1.4,1.15,2.55,1.4,2.55,20,27.2,47.9,7,77,630,7.0,9,5,14,8,1,1,27,0,6.8,6.0,4.6,10.6,109,198,1.29,0.71,2.0,1.14,1.86,0.97,0.66,1.62,0.85,1.51,1,7,7,630,7.0,9,1.29,25,16,68.0,4,2,1,1,14.3,1,1,0,0,0.0,1,7,7,630,7.0,12,1.71,25,13,52.0,1,2,4,2,28.6,0,0,0,0,,1,7.0,9,1,0,0,0,8.2,0.3,-0.8,-0.11,34,72,47.2,197,24,27.9,30.5,42,40.5,35.1,83,9,10.8,8,1.14,13.9,1,7.0,12,0,0,1,0,10.4,0.42,-1.6,-0.23,34,71,47.9,175,31,30.3,32.3,50,36.0,30.6,71,2,2.8,13,1.86,17.8,20,7.0,12,80,25,31.3,11.43,3.57,0.15,0.48,16.3,3,0,0,9.8,9.8,0.13,2.2,2.2,20,7.0,9,72,24,33.3,10.29,3.43,0.11,0.33,17.3,1,1,1,6.8,6.0,0.09,2.2,2.0,20,7.0,2860,3406,84.0,47876,15997,1360,1484,91.6,1235,1375,89.8,196,371,52.8,11,8.1,8.1,2.9,61,265,57,10,238,20,7.0,2579,3094,83.4,44012,15281,1260,1377,91.5,1013,1139,88.9,238,418,56.9,5,4.6,6.1,0.4,52,182,44,11,198,20,7.0,3406,3102,296,108,22,13,97,101,29,22,2,1,2860,8,62,20,7.0,3094,2808,270,91,11,17,105,83,27,18,5,2,2579,16,46,20,7.0,143,20.43,109,12,5,9,5,3,21,3.0,19,1,0,1,0,0,20,7.0,131,18.71,92,10,13,6,8,2,15,2.14,9,1,2,0,2,1,20,7.0,125,79,49,59,17,55,99,55.6,44,58,17,41,38,163,121,5,20,7.0,139,76,67,56,16,54,113,47.8,59,71,23,48,60,199,151,3,20,52.1,7.0,4119,402,1232,1840,1091,155,4119,131,59,45.0,54,41.2,2548,12945,6863,133,93,33,97,85,2812,237,20,47.9,7.0,3806,404,1250,1796,802,130,3805,111,44,39.6,55,49.5,2164,11576,5813,109,66,36,92,70,2545,194,20,27.1,7,630,90,100,7.0,77,79,45,33,25,30,2.0,12,9,3,0.43,9.8,6.8,3.0,0.43,20,27.2,7,630,90,100,7.0,77,79,45,32,18,31,0.71,9,12,-3,-0.43,6.8,9.8,-3.0,-0.43,20,7.0,14,0,0,87,95,8,97,38,79,0,1,0,254,61,73,45.5,20,7.0,27,0,0,96,86,16,105,60,76,1,0,0,266,73,61,54.5
13,Bournemouth,7,2,2,3,8,10,-2,8,1.14,12.1,8.9,3.2,0.45,W L L W L,11213,Antoine Semenyo - 3,Kepa Arrizabalaga,,13,3,1,1,1,4,3,1,4,1.33,5.3,3.0,2.3,0.76,4,1,1,2,4,7,-3,4,1.0,6.8,5.9,0.9,0.22,22,25.7,44.3,7,77,630,7.0,8,7,15,8,0,1,19,0,12.1,11.3,9.7,21.0,119,291,1.14,1.0,2.14,1.14,2.14,1.73,1.38,3.11,1.61,2.99,22,26.7,55.7,7,77,630,7.0,10,8,18,10,0,0,23,0,8.9,8.9,7.5,16.4,126,250,1.43,1.14,2.57,1.43,2.57,1.27,1.07,2.35,1.27,2.35,3,7,7,630,7.0,10,1.43,41,31,75.6,2,2,3,0,0.0,0,0,0,0,,3,7,7,630,7.0,8,1.14,36,27,77.8,3,2,2,3,42.9,1,0,1,0,100.0,3,7.0,10,0,0,0,0,13.0,0.32,3.0,0.42,31,70,44.3,158,27,32.9,36.8,45,40.0,34.8,75,5,6.7,11,1.57,12.6,3,7.0,8,0,0,0,0,11.2,0.29,3.2,0.46,55,133,41.4,251,31,42.2,36.9,67,40.3,31.5,124,7,5.6,14,2.0,16.4,22,7.0,8,116,35,30.2,16.57,5.0,0.07,0.23,17.8,3,0,1,12.1,11.3,0.1,-4.1,-3.3,22,7.0,10,90,41,45.6,12.86,5.86,0.11,0.24,16.7,0,0,0,8.9,8.9,0.1,1.1,1.1,22,7.0,2233,2958,75.5,41406,16208,937,1098,85.3,1034,1223,84.5,236,497,47.5,7,9.7,7.7,-2.7,90,207,58,17,291,22,7.0,3032,3750,80.9,50963,20085,1505,1674,89.9,1199,1382,86.8,242,476,50.8,8,7.5,6.3,0.5,79,197,66,13,250,22,7.0,2958,2630,313,76,7,10,158,127,48,40,3,0,2233,15,63,22,7.0,3750,3356,385,115,10,11,96,159,29,17,5,2,3032,9,78,22,7.0,211,30.14,161,15,7,13,10,5,14,2.0,10,1,1,1,1,0,22,7.0,169,24.14,137,9,14,6,2,1,19,2.71,15,0,2,2,0,0,22,7.0,141,74,61,51,29,56,122,45.9,66,93,21,72,61,202,159,3,22,7.0,128,78,59,57,12,60,109,55.0,49,81,31,50,50,178,166,3,22,44.3,7.0,3835,408,1192,1583,1111,187,3834,127,49,38.6,60,47.2,1994,11532,6103,119,80,39,92,68,2207,287,22,55.7,7.0,4595,567,1687,1947,1006,166,4595,138,66,47.8,56,40.6,2560,13698,6320,126,95,36,114,85,2995,246,22,25.7,7,630,90,100,7.0,77,81,43,34,20,29,1.14,8,10,-2,-0.29,12.1,8.9,3.2,0.45,22,26.7,7,630,90,100,7.0,77,81,49,28,25,35,1.57,10,8,2,0.29,8.9,12.1,-3.2,-0.45,22,7.0,19,0,0,100,71,15,158,61,74,1,0,0,381,91,114,44.4,22,7.0,23,0,0,74,98,9,96,50,78,0,1,0,338,114,91,55.6
11,Brentford,7,3,1,3,13,13,0,10,1.43,11.2,12.8,-1.6,-0.23,W L L D W,16988,Bryan Mbeumo - 6,Mark Flekken,,11,4,3,1,0,11,6,5,10,2.5,8.9,4.6,4.2,1.06,3,0,0,3,2,7,-5,0,0.0,2.3,8.2,-5.8,-1.95,20,26.3,45.7,7,77,630,7.0,13,7,20,12,1,1,12,0,11.2,10.4,6.6,17.0,104,215,1.86,1.0,2.86,1.71,2.71,1.6,0.95,2.55,1.49,2.43,20,27.3,54.3,7,77,630,7.0,12,10,22,12,0,0,20,0,12.8,12.8,10.1,22.9,155,324,1.71,1.43,3.14,1.71,3.14,1.83,1.45,3.27,1.83,3.27,1,7,7,630,7.0,13,1.86,45,33,71.1,3,1,3,0,0.0,0,0,0,0,,1,7,7,630,7.0,13,1.86,40,27,70.0,3,1,3,1,14.3,1,1,0,0,0.0,1,7.0,13,0,0,0,1,11.1,0.25,-0.9,-0.13,62,130,47.7,323,23,34.7,34.2,55,32.7,31.8,94,6,6.4,10,1.43,14.2,1,7.0,13,1,0,1,0,16.0,0.4,3.0,0.43,32,98,32.7,220,31,37.3,34.4,46,34.8,29.0,90,5,5.6,15,2.14,14.7,20,7.0,13,77,39,50.6,11.0,5.57,0.16,0.31,14.8,2,1,1,11.2,10.4,0.14,1.8,1.6,20,7.0,12,128,45,35.2,18.29,6.43,0.09,0.27,17.2,3,0,0,12.8,12.8,0.1,-0.8,-0.8,20,7.0,2565,3240,79.2,47627,17808,1101,1269,86.8,1121,1309,85.6,299,518,57.7,7,6.6,6.7,0.4,58,175,52,17,215,20,7.0,3174,3840,82.7,52532,17474,1627,1793,90.7,1248,1412,88.4,240,456,52.6,10,10.1,9.0,-0.1,99,268,92,11,324,20,7.0,3240,2930,297,78,11,22,119,110,34,25,1,0,2565,13,57,20,7.0,3840,3537,292,56,16,15,123,116,54,25,10,0,3174,11,72,20,7.0,139,19.86,99,16,7,8,8,1,23,3.29,18,2,0,2,1,0,20,7.0,225,32.14,178,12,12,15,4,4,19,2.71,16,0,0,2,0,1,20,7.0,134,83,68,39,27,60,104,57.7,44,105,39,66,63,197,160,4,20,7.0,118,71,46,39,33,57,94,60.6,37,66,15,51,58,176,152,10,20,45.7,7.0,4053,694,1776,1371,939,161,4052,109,37,33.9,57,52.3,2199,11382,5453,104,63,29,93,61,2533,213,20,54.3,7.0,4629,467,1233,1907,1522,262,4629,115,44,38.3,60,52.2,2564,12923,6739,155,117,77,97,74,3141,320,20,26.3,7,630,90,100,7.0,77,84,50,27,16,36,1.43,13,13,0,0.0,11.2,12.8,-1.6,-0.23,20,27.3,7,630,90,100,7.0,77,84,45,32,20,31,1.43,13,13,0,0.0,12.8,11.2,1.6,0.23,20,7.0,12,0,0,46,68,13,119,63,83,1,0,1,301,92,79,53.8,20,7.0,20,0,0,73,45,11,123,58,71,0,1,0,322,79,92,46.2
6,Brighton,7,3,3,1,13,10,3,12,1.71,10.7,11.3,-0.5,-0.08,D D D L W,34010,Danny Welbeck - 4,Bart Verbruggen,,6,4,2,2,0,7,5,2,8,2.0,6.5,4.5,1.9,0.49,3,1,1,1,6,5,1,4,1.33,4.3,6.8,-2.5,-0.83,25,26.3,58.6,7,77,630,7.0,13,8,21,13,0,0,15,0,10.7,10.7,7.2,17.9,167,359,1.86,1.14,3.0,1.86,3.0,1.53,1.02,2.55,1.53,2.55,25,26.3,41.4,7,77,630,7.0,10,7,17,8,2,2,22,3,11.3,9.7,8.8,18.5,98,181,1.43,1.0,2.43,1.14,2.14,1.61,1.25,2.86,1.39,2.64,2,7,7,630,7.0,10,1.43,24,14,66.7,3,3,1,2,28.6,2,2,0,0,0.0,2,7,7,630,7.0,13,1.86,31,18,58.1,1,3,3,1,14.3,0,0,0,0,,2,7.0,10,2,1,0,0,9.0,0.3,-1.0,-0.15,24,57,42.1,258,31,20.5,25.1,44,9.1,15.3,55,4,7.3,14,2.0,15.4,2,7.0,13,0,1,1,0,12.3,0.41,-0.7,-0.09,50,137,36.5,287,42,37.6,33.5,52,55.8,41.7,109,11,10.1,13,1.86,14.8,25,7.0,13,107,31,29.0,15.29,4.43,0.12,0.42,17.4,6,0,0,10.7,10.7,0.1,2.3,2.3,25,7.0,10,67,22,32.8,9.57,3.14,0.12,0.36,15.9,1,2,2,11.3,9.7,0.15,-1.3,-1.7,25,7.0,3216,3863,83.3,54186,19318,1564,1729,90.5,1323,1516,87.3,260,428,60.7,8,7.2,7.3,0.8,73,252,62,17,359,25,7.0,2167,2795,77.5,39686,15462,909,1038,87.6,993,1135,87.5,210,428,49.1,7,8.8,5.7,-1.8,50,150,40,7,181,25,7.0,3863,3530,326,106,12,18,155,119,40,19,14,1,3216,7,69,25,7.0,2795,2477,287,76,22,18,76,113,26,17,2,1,2167,31,64,25,7.0,188,26.86,129,14,17,12,13,3,21,3.0,15,1,2,1,1,1,25,7.0,114,16.29,89,4,8,7,5,1,17,2.43,14,0,0,0,3,0,25,7.0,115,63,39,52,24,62,130,47.7,68,78,17,61,59,174,89,7,25,7.0,144,80,83,44,17,87,151,57.6,64,95,38,57,70,214,159,6,25,58.6,7.0,4626,483,1469,1950,1253,206,4626,168,64,38.1,87,51.8,2748,15414,8541,167,118,60,98,57,3183,358,25,41.4,7.0,3598,559,1656,1366,615,146,3596,140,68,48.6,62,44.3,1959,10092,5141,98,48,42,85,53,2143,177,25,26.3,7,630,90,100,7.0,77,81,44,33,21,30,1.71,13,10,3,0.43,10.7,11.3,-0.5,-0.08,25,26.3,7,630,90,100,7.0,77,81,45,29,21,34,0.86,10,13,-3,-0.43,11.3,10.7,0.5,0.08,25,7.0,15,0,0,72,79,7,155,59,63,0,2,0,298,92,79,53.8,25,7.0,22,3,2,81,68,31,76,70,80,2,0,0,291,79,92,46.2
4,Chelsea,7,4,2,1,16,8,8,14,2.0,14.4,7.8,6.6,0.94,D W W W D,39537,Cole Palmer - 6,Robert Sánchez,,4,4,1,2,1,6,6,0,5,1.25,9.8,3.3,6.5,1.63,3,3,0,0,10,2,8,9,3.0,4.6,4.5,0.1,0.02,21,23.8,55.6,7,77,630,7.0,16,13,29,15,1,1,27,0,14.4,13.6,12.6,26.2,159,259,2.29,1.86,4.14,2.14,4.0,2.06,1.79,3.85,1.94,3.74,21,26.7,44.4,7,77,630,7.0,8,5,13,8,0,1,22,1,7.8,7.0,5.1,12.1,144,261,1.14,0.71,1.86,1.14,1.86,1.12,0.72,1.84,1.0,1.73,1,7,7,630,7.0,8,1.14,40,31,80.0,4,2,1,2,28.6,1,0,1,0,100.0,1,7,7,630,7.0,16,2.29,40,24,62.5,1,2,4,1,14.3,1,1,0,0,0.0,1,7.0,8,0,0,0,0,9.0,0.2,1.0,0.14,21,73,28.8,252,46,25.4,28.5,47,19.1,22.5,73,10,13.7,21,3.0,17.1,1,7.0,16,1,1,1,0,15.3,0.37,-0.7,-0.09,38,94,40.4,188,26,38.3,34.2,47,46.8,37.2,80,3,3.8,7,1.0,14.3,21,7.0,16,95,39,41.1,13.57,5.57,0.16,0.38,16.4,3,1,1,14.4,13.6,0.15,1.6,1.4,21,7.0,8,96,39,40.6,13.71,5.57,0.08,0.21,20.0,7,0,1,7.8,7.0,0.07,0.2,1.0,21,7.0,3246,3837,84.6,56241,18983,1401,1550,90.4,1536,1695,90.6,237,419,56.6,13,12.6,7.8,0.4,80,245,62,11,259,21,7.0,2500,3100,80.6,42059,15636,1235,1386,89.1,1048,1182,88.7,176,375,46.9,5,5.1,5.4,-0.1,62,208,59,10,261,21,7.0,3837,3525,298,98,23,15,104,98,40,27,1,0,3246,14,55,21,7.0,3100,2790,294,80,13,12,106,115,29,17,9,0,2500,16,59,21,7.0,177,25.29,147,5,14,6,5,0,29,4.14,23,1,2,1,2,0,21,7.0,164,23.43,119,10,9,7,11,8,11,1.57,4,2,2,1,0,2,21,7.0,114,71,54,46,14,61,128,47.7,67,80,30,50,56,170,141,7,21,7.0,112,58,54,40,18,56,124,45.2,68,75,24,51,61,173,139,6,21,55.6,7.0,4601,507,1614,1933,1089,181,4600,141,68,48.2,56,39.7,2542,14026,7573,159,70,48,94,56,3221,258,21,44.4,7.0,3861,466,1309,1642,967,176,3860,150,67,44.7,61,40.7,2132,12525,6566,144,103,46,86,53,2478,260,21,23.8,7,630,90,100,7.0,77,82,46,31,20,32,2.0,16,8,8,1.14,14.4,7.8,6.6,0.94,21,26.7,7,630,90,100,7.0,77,82,47,29,22,34,0.71,8,16,-8,-1.14,7.8,14.4,-6.6,-0.94,21,7.0,27,0,0,75,86,14,104,56,71,1,1,0,303,58,70,45.3,21,7.0,22,1,1,87,74,16,106,61,58,1,1,0,308,70,58,54.7
18,Crystal Palace,7,0,3,4,5,10,-5,3,0.43,8.1,10.4,-2.3,-0.33,D D D L L,25151,Jean-Philippe Mateta - 2,Dean Henderson,,18,4,0,2,2,2,5,-3,2,0.5,5.5,5.6,-0.1,-0.02,3,0,1,2,3,5,-2,1,0.33,2.6,4.8,-2.2,-0.74,22,26.3,48.6,7,77,630,7.0,4,2,6,3,1,1,15,0,8.1,7.3,6.2,13.5,98,270,0.57,0.29,0.86,0.43,0.71,1.16,0.88,2.04,1.05,1.93,22,26.9,51.4,7,77,630,7.0,10,7,17,10,0,0,15,0,10.4,10.4,8.0,18.4,112,273,1.43,1.0,2.43,1.43,2.43,1.49,1.14,2.63,1.49,2.63,1,7,7,630,7.0,10,1.43,31,21,67.7,0,3,4,1,14.3,0,0,0,0,,1,7,7,630,7.0,5,0.71,28,24,85.7,4,3,0,3,42.9,1,1,0,0,0.0,1,7.0,10,0,0,0,0,11.1,0.39,1.1,0.16,16,87,18.4,154,37,40.9,34.8,61,39.3,36.5,92,5,5.4,12,1.71,15.7,1,7.0,5,1,0,1,1,6.4,0.21,2.4,0.34,48,121,39.7,261,42,35.2,32.8,48,60.4,46.5,89,7,7.9,14,2.0,15.0,22,7.0,4,91,27,29.7,13.0,3.86,0.03,0.11,18.0,4,1,1,8.1,7.3,0.08,-4.1,-4.3,22,7.0,10,88,31,35.2,12.57,4.43,0.11,0.32,16.3,1,0,0,10.4,10.4,0.12,-0.4,-0.4,22,7.0,2639,3397,77.7,47222,17172,1150,1336,86.1,1196,1400,85.4,242,501,48.3,2,6.2,5.7,-4.2,69,208,51,11,270,22,7.0,2890,3614,80.0,52033,18860,1234,1420,86.9,1308,1501,87.1,289,527,54.8,7,8.0,7.2,-1.0,69,224,46,4,273,22,7.0,3397,3077,308,87,10,12,113,109,34,17,5,0,2639,12,58,22,7.0,3614,3291,318,81,18,17,120,140,37,24,5,2,2890,5,66,22,7.0,163,23.29,126,13,4,12,8,0,6,0.86,4,0,0,1,1,0,22,7.0,155,22.14,107,18,9,11,7,3,17,2.43,10,0,2,2,1,2,22,7.0,143,83,69,57,17,53,117,45.3,64,73,18,55,54,197,167,4,22,7.0,112,56,39,56,17,52,81,64.2,29,85,32,53,80,192,139,0,22,48.6,7.0,4186,474,1465,1853,903,151,4185,86,29,33.7,52,60.5,2209,10856,5492,98,79,31,81,60,2622,267,22,51.4,7.0,4410,471,1372,2071,1021,139,4410,130,64,49.2,53,40.8,2341,12513,6313,112,71,29,99,90,2856,271,22,26.3,7,630,90,100,7.0,77,82,51,26,23,37,0.43,5,10,-5,-0.71,8.1,10.4,-2.3,-0.33,22,26.9,7,630,90,100,7.0,77,82,50,27,16,36,2.14,10,5,5,0.71,10.4,8.1,2.3,0.33,22,7.0,15,0,0,73,84,12,113,54,83,1,0,0,318,95,137,40.9,22,7.0,15,0,0,87,69,5,120,80,56,0,1,1,314,137,95,59.1
16,Everton,7,1,2,4,7,15,-8,5,0.71,6.8,11.9,-5.2,-0.74,L L D W D,39060,Dwight McNeil - 3,Jordan Pickford,,16,4,1,1,2,4,7,-3,4,1.0,3.8,6.8,-3.0,-0.74,3,0,1,2,3,8,-5,1,0.33,3.0,5.2,-2.2,-0.74,22,28.7,37.3,7,77,630,7.0,7,5,12,7,0,0,12,1,6.8,6.8,5.5,12.2,79,188,1.0,0.71,1.71,1.0,1.71,0.97,0.78,1.75,0.97,1.75,22,26.7,62.7,7,77,630,7.0,15,12,27,15,0,1,6,0,11.9,11.2,9.0,20.1,144,327,2.14,1.71,3.86,2.14,3.86,1.71,1.28,2.98,1.59,2.87,1,7,7,630,7.0,15,2.14,34,18,55.9,1,2,4,1,14.3,1,0,1,0,100.0,1,7,7,630,7.0,7,1.0,21,14,66.7,4,2,1,3,42.9,0,0,0,0,,1,7.0,15,0,0,3,0,12.3,0.34,-2.7,-0.38,79,173,45.7,213,23,64.8,45.9,56,62.5,48.3,116,7,6.0,17,2.43,18.1,1,7.0,7,0,0,0,0,5.5,0.26,-1.5,-0.22,12,32,37.5,197,36,12.2,24.3,48,16.7,21.7,81,5,6.2,4,0.57,13.4,22,7.0,7,76,21,27.6,10.86,3.0,0.09,0.33,16.4,2,0,0,6.8,6.8,0.09,0.2,0.2,22,7.0,15,99,33,33.3,14.14,4.71,0.15,0.45,14.9,2,0,1,11.9,11.2,0.11,3.1,3.8,22,7.0,1820,2470,73.7,35961,15870,796,941,84.6,696,839,83.0,292,536,54.5,5,5.5,6.0,-0.5,58,158,45,10,188,22,7.0,3517,4219,83.4,58567,20383,1698,1894,89.7,1489,1682,88.5,244,453,53.9,12,9.0,8.6,3.0,77,251,71,23,327,22,7.0,2470,2136,309,74,10,16,111,135,22,14,3,4,1820,25,64,22,7.0,4219,3866,344,99,13,19,150,132,51,34,5,1,3517,9,58,22,7.0,136,19.43,93,16,7,7,8,5,13,1.86,7,1,0,0,2,3,22,7.0,182,26.0,133,22,8,9,9,1,23,3.29,20,1,2,0,0,0,22,7.0,144,86,69,56,19,64,107,59.8,43,69,26,43,81,225,167,3,22,7.0,163,101,74,66,23,79,134,59.0,55,76,21,55,43,206,113,4,22,37.3,7.0,3287,443,1164,1365,805,142,3287,144,55,38.2,79,54.9,1609,8650,3940,79,50,26,85,84,1802,186,22,62.7,7.0,4985,441,1635,2168,1221,207,4984,123,43,35.0,64,52.0,3157,16636,8944,144,105,44,108,80,3476,325,22,28.7,7,630,90,100,7.0,77,84,55,21,21,41,0.71,7,15,-8,-1.14,6.8,11.9,-5.2,-0.74,22,26.7,7,630,90,100,7.0,77,84,47,30,19,33,2.0,15,7,8,1.14,11.9,6.8,5.2,0.74,22,7.0,12,1,0,78,67,25,111,81,86,0,1,0,326,118,97,54.9,22,7.0,6,0,0,70,78,9,150,43,101,1,0,0,319,97,118,45.1
8,Fulham,7,3,2,2,10,8,2,11,1.57,10.8,8.1,2.7,0.38,D D W W L,25876,Raúl Jiménez - 3,Bernd Leno,,8,3,2,1,0,6,3,3,7,2.33,5.5,2.9,2.6,0.88,4,1,1,2,4,5,-1,4,1.0,5.3,5.2,0.1,0.01,20,28.2,49.3,7,77,630,7.0,10,9,19,9,1,1,21,0,10.8,10.0,9.0,19.0,144,263,1.43,1.29,2.71,1.29,2.57,1.54,1.29,2.83,1.43,2.72,20,27.3,50.7,7,77,630,7.0,8,7,15,8,0,0,13,0,8.1,8.1,6.3,14.4,120,252,1.14,1.0,2.14,1.14,2.14,1.16,0.89,2.05,1.16,2.05,1,7,7,630,7.0,8,1.14,29,21,72.4,3,2,2,1,14.3,0,0,0,0,,1,7,7,630,7.0,10,1.43,34,24,73.5,2,2,3,1,14.3,1,1,0,0,0.0,1,7.0,8,0,0,2,0,7.4,0.26,-0.6,-0.08,20,69,29.0,198,19,26.3,29.3,54,31.5,28.4,95,6,6.3,5,0.71,11.7,1,7.0,10,1,0,0,0,11.0,0.31,1.0,0.14,10,58,17.2,173,34,25.4,29.6,52,26.9,27.7,110,5,4.5,8,1.14,13.2,20,7.0,10,104,33,31.7,14.86,4.71,0.09,0.27,16.0,3,1,1,10.8,10.0,0.1,-0.8,-1.0,20,7.0,8,93,29,31.2,13.29,4.14,0.09,0.28,18.3,4,0,0,8.1,8.1,0.09,-0.1,-0.1,20,7.0,2740,3354,81.7,48093,15979,1213,1353,89.7,1211,1386,87.4,249,447,55.7,9,9.0,7.8,0.0,85,222,56,14,263,20,7.0,2895,3492,82.9,47445,15415,1405,1552,90.5,1189,1360,87.4,208,381,54.6,7,6.3,5.2,0.7,65,202,40,13,252,20,7.0,3354,3012,333,103,8,22,145,123,38,13,21,0,2740,9,60,20,7.0,3492,3165,300,95,15,23,116,100,36,26,5,0,2895,27,58,20,7.0,186,26.57,128,21,7,18,7,5,18,2.57,17,0,0,0,1,0,20,7.0,161,23.0,111,19,12,5,11,3,15,2.14,11,2,1,0,0,1,20,7.0,128,73,63,45,20,45,101,44.6,56,72,24,48,58,186,149,5,20,7.0,100,62,46,33,21,54,110,49.1,56,88,30,58,63,163,162,5,20,49.3,7.0,4125,460,1358,1671,1136,183,4124,135,56,41.5,54,40.0,2528,12529,6641,144,110,46,101,46,2714,261,20,50.7,7.0,4244,470,1422,1779,1088,142,4244,126,56,44.4,45,35.7,2510,13430,6580,120,94,28,90,83,2868,250,20,28.2,7,630,90,100,7.0,77,83,43,34,15,29,1.57,10,8,2,0.29,10.8,8.1,2.7,0.38,20,27.3,7,630,90,100,7.0,77,83,45,32,22,30,1.14,8,10,-2,-0.29,8.1,10.8,-2.7,-0.38,20,7.0,21,0,0,95,79,9,145,58,73,1,0,0,270,82,93,46.9,20,7.0,13,0,0,81,95,27,116,63,62,0,1,0,285,93,82,53.1
17,Ipswich Town,7,0,4,3,6,14,-8,4,0.57,5.0,15.3,-10.3,-1.47,D D D D L,29825,Liam Delap - 4,Arijanet Muric,,17,3,0,2,1,3,5,-2,2,0.67,2.1,4.3,-2.2,-0.75,4,0,2,2,3,9,-6,2,0.5,2.9,11.0,-8.1,-2.02,24,26.1,40.3,7,77,630,7.0,6,4,10,6,0,0,20,0,5.0,5.0,4.6,9.6,93,179,0.86,0.57,1.43,0.86,1.43,0.71,0.66,1.38,0.71,1.38,24,27.0,59.7,7,77,630,7.0,14,8,22,13,1,1,15,0,15.3,14.5,10.9,25.4,145,280,2.0,1.14,3.14,1.86,3.0,2.19,1.56,3.75,2.08,3.64,2,7,7,630,7.0,14,2.0,38,24,65.8,0,4,3,1,14.3,1,1,0,0,0.0,2,7,7,630,7.0,6,0.86,21,15,71.4,3,4,0,2,28.6,0,0,0,0,,2,7.0,14,1,0,0,0,14.7,0.38,0.7,0.1,26,71,36.6,212,41,24.5,30.4,35,54.3,43.9,92,14,15.2,6,0.86,13.8,2,7.0,6,0,0,2,0,6.5,0.34,0.5,0.07,20,63,31.7,239,19,20.1,28.0,41,36.6,33.6,68,7,10.3,7,1.0,13.3,24,7.0,6,62,21,33.9,8.86,3.0,0.1,0.29,16.8,1,0,0,5.0,5.0,0.08,1.0,1.0,24,7.0,14,102,37,36.3,14.57,5.29,0.13,0.35,16.3,5,1,1,15.3,14.5,0.15,-1.3,-1.5,24,7.0,2191,2746,79.8,37610,14245,1067,1178,90.6,897,1044,85.9,184,374,49.2,4,4.6,3.8,-0.6,51,164,35,9,179,24,7.0,3525,4108,85.8,59430,18232,1713,1868,91.7,1477,1630,90.6,271,457,59.3,8,10.9,9.8,-2.9,70,276,62,13,280,24,7.0,2746,2437,292,102,13,13,91,96,38,26,5,1,2191,17,59,24,7.0,4108,3788,309,97,24,18,119,116,42,23,8,1,3525,11,55,24,7.0,109,15.57,69,17,9,4,7,3,9,1.29,6,0,2,1,0,0,24,7.0,177,25.29,129,6,15,15,8,4,25,3.57,18,0,2,3,1,1,24,7.0,125,69,69,41,15,57,126,45.2,69,78,29,49,60,185,179,6,24,7.0,103,55,43,42,18,43,95,45.3,52,68,15,53,54,157,116,1,24,40.3,7.0,3497,536,1413,1415,704,101,3497,104,52,50.0,43,41.3,1951,10388,4874,93,59,22,103,60,2171,176,24,59.7,7.0,4795,423,1500,2016,1315,210,4794,139,69,49.6,57,41.0,2769,13579,7095,145,92,59,82,68,3491,277,24,26.1,7,630,90,100,7.0,77,83,43,34,16,29,0.57,6,14,-8,-1.14,5.0,15.3,-10.3,-1.47,24,27.0,7,630,90,100,7.0,77,83,44,33,16,30,1.86,14,6,8,1.14,15.3,5.0,10.3,1.47,24,7.0,20,0,0,87,89,17,91,60,69,0,1,0,252,89,77,53.6,24,7.0,15,0,0,93,85,11,119,54,55,1,0,0,267,77,89,46.4
15,Leicester City,7,1,3,3,9,12,-3,6,0.86,5.1,14.5,-9.4,-1.34,L D D L W,31793,"Jamie Vardy, Stephy Mavididi... - 2",Mads Hermansen,,15,4,1,2,1,4,4,0,5,1.25,2.9,5.8,-2.8,-0.71,3,0,1,2,5,8,-3,1,0.33,2.2,8.7,-6.5,-2.18,21,26.7,42.3,7,77,630,7.0,9,8,17,9,0,0,19,0,5.1,5.1,4.3,9.4,87,169,1.29,1.14,2.43,1.29,2.43,0.73,0.61,1.34,0.73,1.34,21,26.8,57.7,7,77,630,7.0,11,9,20,10,1,1,13,0,14.5,13.7,10.4,24.1,151,388,1.57,1.29,2.86,1.43,2.71,2.07,1.49,3.56,1.95,3.44,1,7,7,630,7.0,12,1.71,44,33,75.0,1,3,3,1,14.3,1,1,0,0,0.0,1,7,7,630,7.0,9,1.29,21,12,57.1,3,3,1,0,0.0,0,0,0,0,,1,7.0,12,1,0,0,1,15.4,0.34,4.4,0.63,39,108,36.1,196,38,38.8,34.5,60,53.3,38.6,142,8,5.6,7,1.0,12.4,1,7.0,9,0,0,2,0,7.6,0.36,-1.4,-0.2,36,73,49.3,197,27,26.9,30.9,48,41.7,35.1,73,8,11.0,18,2.57,18.1,21,7.0,9,58,21,36.2,8.29,3.0,0.16,0.43,18.5,1,0,0,5.1,5.1,0.09,3.9,3.9,21,7.0,11,133,43,32.3,19.0,6.14,0.08,0.23,15.2,3,1,1,14.5,13.7,0.11,-3.5,-3.7,21,7.0,2263,2863,79.0,38082,15583,1115,1253,89.0,849,992,85.6,208,419,49.6,8,4.3,4.8,3.7,44,153,37,14,169,21,7.0,3286,3966,82.9,57090,19683,1540,1702,90.5,1406,1605,87.6,280,456,61.4,9,10.4,11.1,-1.4,105,275,94,20,388,21,7.0,2863,2525,323,105,12,8,92,123,16,11,3,0,2263,15,51,21,7.0,3966,3614,341,90,11,23,168,131,56,40,8,0,3286,11,96,21,7.0,102,14.57,70,13,8,3,8,0,15,2.14,9,2,3,0,1,0,21,7.0,241,34.43,179,22,8,17,9,6,19,2.71,16,0,0,2,1,0,21,7.0,146,89,80,47,19,59,127,46.5,68,124,44,80,53,199,230,3,21,7.0,137,87,47,56,34,60,109,55.0,49,56,9,47,48,185,124,3,21,42.3,7.0,3765,596,1605,1577,627,96,3765,128,49,38.3,60,46.9,2036,10569,5072,87,50,16,112,77,2243,167,21,57.7,7.0,4770,355,1192,2034,1588,271,4769,149,68,45.6,59,39.6,2720,14552,7331,151,101,51,111,87,3268,382,21,26.7,7,630,90,100,7.0,77,86,50,27,11,36,0.86,9,12,-3,-0.43,5.1,14.5,-9.4,-1.34,21,26.8,7,630,90,100,7.0,77,86,49,29,18,33,1.71,12,9,3,0.43,14.5,5.1,9.4,1.34,21,7.0,19,0,0,81,94,15,92,53,89,0,1,1,267,95,102,48.2,21,7.0,13,0,0,95,78,11,168,48,87,1,0,0,309,102,95,51.8
1,Liverpool,7,6,0,1,13,2,11,18,2.57,13.8,5.1,8.6,1.23,W L W W W,60236,Luis Díaz - 5,Alisson,,1,3,2,0,1,5,1,4,6,2.0,5.5,2.1,3.4,1.14,4,4,0,0,8,1,7,12,3.0,8.3,3.1,5.2,1.3,23,27.6,60.0,7,77,630,7.0,13,11,24,12,1,1,14,0,13.8,13.0,11.1,24.0,167,326,1.86,1.57,3.43,1.71,3.29,1.96,1.58,3.55,1.85,3.43,23,26.4,40.0,7,77,630,7.0,2,1,3,2,0,0,24,0,5.1,5.1,4.3,9.4,92,202,0.29,0.14,0.43,0.29,0.43,0.73,0.61,1.34,0.73,1.34,3,7,7,630,7.0,2,0.29,24,22,91.7,6,0,1,5,71.4,0,0,0,0,,3,7,7,630,7.0,13,1.86,43,30,72.1,1,0,6,1,14.3,1,1,0,0,0.0,3,7.0,2,0,0,0,0,6.1,0.26,4.1,0.58,19,53,35.8,231,31,20.3,24.9,37,16.2,20.8,67,3,4.5,10,1.43,16.3,3,7.0,13,1,0,1,0,14.0,0.31,1.0,0.15,35,108,32.4,241,34,34.0,33.8,49,53.1,42.6,85,5,5.9,14,2.0,14.8,23,7.0,13,106,42,39.6,15.14,6.0,0.11,0.29,15.7,2,1,1,13.8,13.0,0.13,-0.8,-1.0,23,7.0,2,64,24,37.5,9.14,3.43,0.03,0.08,18.9,1,0,0,5.1,5.1,0.08,-3.1,-3.1,23,7.0,3654,4294,85.1,61000,21326,1801,1961,91.8,1517,1693,89.6,256,467,54.8,11,11.1,10.3,-0.1,92,272,75,13,326,23,7.0,2225,2872,77.5,39245,14719,983,1138,86.4,971,1135,85.6,210,421,49.9,1,4.3,3.3,-3.3,47,150,35,8,202,23,7.0,4294,3966,323,78,14,27,108,150,49,33,9,0,3654,5,56,23,7.0,2872,2550,305,85,9,12,91,124,27,14,5,1,2225,17,69,23,7.0,197,28.14,155,10,13,11,5,3,25,3.57,24,0,0,0,1,0,23,7.0,113,16.14,87,12,4,3,7,0,3,0.43,3,0,0,0,0,0,23,7.0,105,68,46,42,17,59,104,56.7,45,71,11,60,59,164,124,3,23,7.0,126,79,76,36,14,55,113,48.7,58,77,27,50,53,179,151,8,23,60.0,7.0,5006,476,1522,2253,1272,232,5005,121,58,47.9,55,45.5,2959,15003,7702,167,107,77,91,71,3617,322,23,40.0,7.0,3612,598,1445,1433,776,107,3612,114,45,39.5,59,51.8,1882,10690,5348,92,59,33,106,46,2200,199,23,27.6,7,630,90,100,7.0,77,83,48,29,18,34,2.57,13,2,11,1.57,13.8,5.1,8.6,1.23,23,26.4,7,630,90,100,7.0,77,83,47,30,25,33,0.43,2,13,-11,-1.57,5.1,13.8,-8.6,-1.23,23,7.0,14,0,0,83,61,5,108,59,68,1,0,0,319,104,59,63.8,23,7.0,24,0,0,64,81,17,91,53,79,0,1,0,308,59,104,36.2
2,Manchester City,7,5,2,0,17,8,9,17,2.43,13.8,7.8,6.1,0.87,W W D D W,52714,Erling Haaland - 10,Ederson,,2,4,3,1,0,11,6,5,10,2.5,9.1,4.5,4.6,1.16,3,2,1,0,6,2,4,7,2.33,4.7,3.2,1.4,0.47,20,27.6,63.6,7,77,630,7.0,17,11,28,16,1,1,17,0,13.8,13.0,11.3,24.4,253,376,2.43,1.57,4.0,2.29,3.86,1.97,1.62,3.59,1.86,3.48,20,26.8,36.4,7,77,630,7.0,7,5,12,6,1,1,19,1,7.8,7.0,6.1,13.1,92,155,1.0,0.71,1.71,0.86,1.57,1.11,0.88,1.99,0.99,1.87,1,7,7,630,7.0,8,1.14,22,15,68.2,5,2,0,1,14.3,1,1,0,0,0.0,1,7,7,630,7.0,17,2.43,49,32,67.3,0,2,5,0,0.0,1,1,0,0,0.0,1,7.0,8,1,0,1,1,8.3,0.36,1.3,0.19,23,57,40.4,226,20,22.6,28.5,24,25.0,27.4,67,1,1.5,14,2.0,18.5,1,7.0,17,1,0,2,0,14.0,0.27,-3.0,-0.43,30,85,35.3,196,26,32.1,33.9,54,40.7,36.5,91,9,9.9,7,1.0,14.1,20,7.0,17,134,48,35.8,19.14,6.86,0.12,0.33,17.9,4,1,1,13.8,13.0,0.1,3.2,3.0,20,7.0,7,55,21,38.2,7.86,3.0,0.11,0.29,15.0,0,1,1,7.8,7.0,0.13,-0.8,-1.0,20,7.0,4197,4719,88.9,66588,18101,2258,2436,92.7,1620,1759,92.1,252,364,69.2,11,11.3,12.5,-0.3,109,309,100,13,376,20,7.0,2245,2743,81.8,38465,14099,1110,1240,89.5,889,1006,88.4,200,382,52.4,5,6.1,6.0,-1.1,46,165,48,17,155,20,7.0,4719,4427,286,77,20,13,124,112,58,22,7,1,4197,6,74,20,7.0,2743,2498,236,51,11,18,88,86,21,16,3,0,2245,9,47,20,7.0,248,35.43,199,13,16,10,7,3,28,4.0,18,0,6,1,1,2,20,7.0,103,14.71,81,11,2,6,1,2,14,2.0,11,2,0,0,1,0,20,7.0,92,55,36,35,21,36,72,50.0,36,57,15,42,42,134,109,6,20,7.0,122,69,75,35,12,55,130,42.3,75,104,40,64,56,178,184,8,20,63.6,7.0,5398,375,1142,2067,2233,309,5397,156,75,48.1,55,35.3,3288,19064,10821,253,176,92,83,67,4139,373,20,36.4,7.0,3482,608,1496,1258,753,127,3481,82,36,43.9,36,43.9,2018,9722,4589,92,57,24,81,56,2234,155,20,27.6,7,630,90,100,7.0,77,83,51,26,20,35,2.43,17,8,9,1.29,13.8,7.8,6.1,0.87,20,26.8,7,630,90,100,7.0,77,83,46,30,18,33,0.29,8,17,-9,-1.29,7.8,13.8,-6.1,-0.87,20,7.0,17,0,0,46,74,6,124,42,55,1,1,1,277,52,59,46.8,20,7.0,19,1,1,74,42,9,88,56,69,1,1,0,230,59,52,53.2
14,Manchester Utd,7,2,2,3,5,8,-3,8,1.14,11.0,11.3,-0.3,-0.05,L W D L D,73541,"Matthijs de Ligt, Marcus Rashford... - 1",André Onana,,14,3,1,0,2,1,6,-5,3,1.0,4.8,6.6,-1.9,-0.62,4,1,2,1,4,2,2,5,1.25,6.2,4.7,1.5,0.38,22,26.2,52.7,7,77,630,7.0,5,5,10,5,0,0,24,1,11.0,11.0,9.7,20.7,105,277,0.71,0.71,1.43,0.71,1.43,1.57,1.38,2.95,1.57,2.95,22,26.9,47.3,7,77,630,7.0,8,7,15,8,0,1,13,1,11.3,10.5,9.0,19.5,144,235,1.14,1.0,2.14,1.14,2.14,1.62,1.28,2.9,1.5,2.78,1,7,7,630,7.0,8,1.14,27,18,70.4,2,2,3,4,57.1,1,0,1,0,100.0,1,7,7,630,7.0,5,0.71,33,28,84.8,3,2,2,4,57.1,0,0,0,0,,1,7.0,8,0,0,2,0,11.1,0.39,3.1,0.45,27,77,35.1,248,39,26.2,27.0,46,26.1,24.8,74,4,5.4,9,1.29,15.4,1,7.0,5,0,0,2,0,9.8,0.31,4.8,0.68,21,67,31.3,243,34,23.0,28.3,50,22.0,24.2,88,10,11.4,17,2.43,17.3,22,7.0,5,89,33,37.1,12.71,4.71,0.06,0.15,16.7,1,0,0,11.0,11.0,0.13,-6.0,-6.0,22,7.0,8,84,26,31.0,12.0,3.71,0.1,0.31,15.6,2,0,1,11.3,10.5,0.13,-3.3,-2.5,22,7.0,3171,3802,83.4,52202,18226,1558,1729,90.1,1304,1463,89.1,219,411,53.3,5,9.7,7.6,-4.7,72,225,53,11,277,22,7.0,2806,3411,82.3,47579,16627,1251,1409,88.8,1269,1441,88.1,202,385,52.5,7,9.0,6.7,-2.0,69,178,54,12,235,22,7.0,3802,3489,301,72,22,15,111,126,42,19,6,7,3171,12,69,22,7.0,3411,3115,291,95,10,15,95,107,27,15,7,0,2806,5,52,22,7.0,162,23.14,138,12,3,5,2,2,10,1.43,8,2,0,0,0,0,22,7.0,157,22.43,111,13,8,12,10,3,15,2.14,13,0,0,1,0,1,22,7.0,156,93,76,56,24,80,124,64.5,44,71,21,50,88,244,108,4,22,7.0,127,86,65,55,7,62,115,53.9,53,86,20,66,67,194,134,3,22,52.7,7.0,4564,483,1542,2012,1047,172,4564,127,53,41.7,62,48.8,2813,14147,6836,105,80,44,90,65,3134,272,22,47.3,7.0,4188,531,1561,1764,914,175,4187,136,44,32.4,80,58.8,2434,13191,7128,144,100,49,80,76,2767,233,22,26.2,7,630,90,100,7.0,77,80,45,32,21,31,1.14,5,8,-3,-0.43,11.0,11.3,-0.3,-0.05,22,26.9,7,630,90,100,7.0,77,80,45,31,19,32,1.57,8,5,3,0.43,11.3,11.0,0.3,0.05,22,7.0,24,1,0,85,65,12,111,88,93,0,1,0,328,75,70,51.7,22,7.0,13,1,0,70,80,5,95,67,86,1,0,0,312,70,75,48.3
7,Newcastle Utd,7,3,3,1,8,7,1,12,1.71,10.4,10.3,0.1,0.01,W W L D D,52218,Harvey Barnes - 3,Nick Pope,,7,3,2,1,0,4,2,2,7,2.33,3.6,3.9,-0.3,-0.09,4,1,2,1,4,5,-1,5,1.25,6.7,6.4,0.3,0.08,19,27.7,48.0,7,77,630,7.0,8,7,15,7,1,2,17,1,10.4,8.8,7.9,16.6,119,250,1.14,1.0,2.14,1.0,2.0,1.48,1.12,2.6,1.25,2.38,19,27.3,52.0,7,77,630,7.0,6,6,12,6,0,0,24,0,10.3,10.3,8.3,18.6,157,267,0.86,0.86,1.71,0.86,1.71,1.47,1.18,2.65,1.47,2.65,1,7,7,630,7.0,7,1.0,37,31,81.1,3,3,1,2,28.6,0,0,0,0,,1,7,7,630,7.0,8,1.14,26,17,73.1,1,3,3,1,14.3,2,1,1,0,50.0,1,7.0,7,0,0,0,1,9.2,0.26,3.2,0.46,18,79,22.8,153,36,34.0,34.6,60,45.0,39.3,104,6,5.8,12,1.71,16.2,1,7.0,8,1,0,0,0,10.2,0.34,2.2,0.31,43,110,39.1,191,30,46.1,37.8,49,44.9,37.9,93,8,8.6,2,0.29,9.9,19,7.0,8,79,24,30.4,11.29,3.43,0.09,0.29,15.1,1,1,2,10.4,8.8,0.11,-2.4,-1.8,19,7.0,6,113,37,32.7,16.14,5.29,0.05,0.16,17.5,4,0,0,10.3,10.3,0.09,-4.3,-4.3,19,7.0,2613,3236,80.7,44387,16826,1296,1465,88.5,1079,1221,88.4,203,413,49.2,7,7.9,6.6,-0.9,66,190,56,15,250,19,7.0,2768,3418,81.0,46343,15207,1403,1553,90.3,1098,1255,87.5,207,433,47.8,6,8.3,8.1,-2.3,86,240,67,12,267,19,7.0,3236,2876,345,113,14,17,113,117,41,29,5,0,2613,15,63,19,7.0,3418,3090,316,85,16,15,142,119,48,17,15,0,2768,12,80,19,7.0,151,21.57,111,15,7,6,9,3,16,2.29,12,1,1,0,1,1,19,7.0,204,29.14,156,9,10,16,10,3,9,1.29,8,0,1,0,0,0,19,7.0,117,68,58,43,16,63,126,50.0,63,98,32,66,55,172,158,7,19,7.0,132,83,54,53,25,46,94,48.9,48,84,24,60,49,181,152,2,19,48.0,7.0,4008,520,1523,1589,928,158,4006,111,48,43.2,46,41.4,2372,12539,5869,119,71,43,82,86,2589,250,19,52.0,7.0,4218,432,1188,1713,1368,228,4218,142,63,44.4,63,44.4,2423,13065,7124,157,111,57,88,54,2735,265,19,27.7,7,630,90,100,7.0,77,80,47,29,25,34,1.71,8,7,1,0.14,10.4,10.3,0.1,0.01,19,27.3,7,630,90,100,7.0,77,80,48,29,18,33,0.86,7,8,-1,-0.14,10.3,10.4,-0.1,-0.01,19,7.0,17,1,0,75,102,15,113,55,68,2,0,1,298,78,68,53.4,19,7.0,24,0,0,104,75,12,142,49,83,0,2,0,313,68,78,46.6
10,Nott'ham Forest,7,2,4,1,7,6,1,10,1.43,8.1,7.7,0.4,0.06,D W D L D,29940,Chris Wood - 4,Matz Sels,,10,3,0,2,1,2,3,-1,2,0.67,3.1,3.3,-0.2,-0.05,4,2,2,0,5,3,2,8,2.0,5.0,4.4,0.6,0.15,22,26.8,39.9,7,77,630,7.0,7,4,11,6,1,1,23,2,8.1,7.3,5.5,12.8,124,184,1.0,0.57,1.57,0.86,1.43,1.16,0.79,1.95,1.04,1.83,22,26.5,60.1,7,77,630,7.0,6,3,9,5,1,1,27,0,7.7,6.9,5.1,12.0,188,373,0.86,0.43,1.29,0.71,1.14,1.09,0.73,1.82,0.98,1.71,1,7,7,630,7.0,6,0.86,25,19,80.0,2,4,1,2,28.6,1,1,0,0,0.0,1,7,7,630,7.0,7,1.0,37,30,83.8,1,4,2,1,14.3,1,1,0,0,0.0,1,7.0,6,1,1,0,0,6.2,0.22,0.2,0.02,47,146,32.2,132,11,81.8,45.5,67,56.7,41.9,121,3,2.5,1,0.14,6.8,1,7.0,7,1,0,2,0,9.1,0.23,2.1,0.3,12,49,24.5,181,34,26.0,28.3,36,5.6,16.0,79,5,6.3,14,2.0,16.9,22,7.0,7,88,36,40.9,12.57,5.14,0.07,0.17,18.0,3,1,1,8.1,7.3,0.09,-1.1,-1.3,22,7.0,6,92,24,26.1,13.14,3.43,0.05,0.21,18.2,2,1,1,7.7,6.9,0.08,-1.7,-1.9,22,7.0,1957,2649,73.9,32975,13330,1011,1162,87.0,712,900,79.1,172,416,41.3,4,5.5,4.9,-1.5,65,156,41,9,184,22,7.0,3342,4037,82.8,56283,18794,1592,1770,89.9,1444,1658,87.1,241,438,55.0,3,5.1,5.7,-2.1,68,286,60,10,373,22,7.0,2649,2305,319,94,10,10,102,114,31,17,13,0,1957,25,66,22,7.0,4037,3705,326,105,8,24,160,126,45,22,13,0,3342,6,60,22,7.0,154,22.0,115,12,7,13,5,2,11,1.57,5,2,0,2,2,0,22,7.0,168,24.0,127,14,9,12,4,2,11,1.57,9,0,0,0,2,0,22,7.0,125,71,68,45,12,57,113,50.4,56,83,31,52,62,187,199,3,22,7.0,104,58,44,41,19,45,96,46.9,51,83,27,56,61,165,161,5,22,39.9,7.0,3478,471,1213,1404,922,162,3477,117,51,43.6,45,38.5,1642,9306,5019,124,85,40,100,59,1936,182,22,60.1,7.0,4835,393,1300,2212,1362,185,4834,133,56,42.1,57,42.9,2779,16448,9384,188,132,49,96,68,3306,372,22,26.8,7,630,90,100,7.0,77,80,41,34,23,29,1.43,7,6,1,0.14,8.1,7.7,0.4,0.06,22,26.5,7,630,90,100,7.0,77,80,43,34,17,29,1.0,6,7,-1,-0.14,7.7,8.1,-0.4,-0.06,22,7.0,23,2,2,85,90,25,102,62,71,1,1,0,285,104,94,52.5,22,7.0,27,0,0,94,79,6,160,61,58,1,1,0,285,94,104,47.5
19,Southampton,7,0,1,6,4,15,-11,1,0.14,8.2,13.7,-5.5,-0.78,L L D L L,31137,"Yukinari Sugawara, Taylor Harwood-Bellis... - 1",Aaron Ramsdale,,19,3,0,1,2,1,5,-4,1,0.33,3.7,6.5,-2.8,-0.94,4,0,0,4,3,10,-7,0,0.0,4.5,7.1,-2.7,-0.67,26,26.0,57.4,7,77,630,7.0,4,3,7,4,0,1,21,1,8.2,7.4,6.4,13.7,148,249,0.57,0.43,1.0,0.57,1.0,1.17,0.91,2.08,1.05,1.96,26,26.5,42.6,7,77,630,7.0,15,10,25,15,0,0,17,1,13.7,13.7,11.3,24.9,136,267,2.14,1.43,3.57,2.14,3.57,1.95,1.61,3.56,1.95,3.56,2,7,7,630,7.0,15,2.14,44,29,65.9,0,1,6,0,0.0,0,0,0,0,,2,7,7,630,7.0,4,0.57,21,16,81.0,6,1,0,3,42.9,1,0,1,0,100.0,2,7.0,15,0,0,4,0,15.7,0.38,0.7,0.1,22,76,28.9,214,36,34.1,22.2,56,5.4,14.1,101,8,7.9,9,1.29,6.9,2,7.0,4,0,0,0,0,5.2,0.22,1.2,0.17,29,70,41.4,164,20,33.5,33.5,27,55.6,39.4,77,6,7.8,7,1.0,14.3,26,7.0,4,75,20,26.7,10.71,2.86,0.05,0.2,17.1,2,0,1,8.2,7.4,0.1,-4.2,-3.4,26,7.0,15,122,44,36.1,17.43,6.29,0.12,0.34,15.9,0,0,0,13.7,13.7,0.12,1.3,1.3,26,7.0,3548,4110,86.3,56678,17270,1786,1942,92.0,1499,1665,90.0,186,342,54.4,3,6.4,5.4,-3.4,57,234,51,7,249,26,7.0,2538,3090,82.1,43907,15485,1197,1351,88.6,1104,1243,88.8,204,384,53.1,10,11.3,8.2,-1.3,98,206,66,11,267,26,7.0,4110,3797,305,101,12,12,101,95,31,14,8,0,3548,8,62,26,7.0,3090,2791,293,92,14,13,127,112,51,31,10,3,2538,6,52,26,7.0,137,19.57,98,7,10,12,8,2,8,1.14,5,0,1,1,0,1,26,7.0,218,31.14,165,18,7,14,7,7,23,3.29,12,4,1,4,1,1,26,7.0,118,71,48,53,17,46,104,44.2,58,86,38,48,57,175,153,10,26,7.0,132,83,49,58,25,57,104,54.8,47,84,30,54,71,203,141,0,26,57.4,7.0,4851,573,1686,2125,1067,153,4850,115,47,40.9,57,49.6,2729,14535,7767,148,102,40,77,75,3518,246,26,42.6,7.0,3848,372,1119,1605,1169,226,3848,117,58,49.6,46,39.3,2145,11192,5729,136,82,58,73,72,2513,266,26,26.0,7,630,90,100,7.0,77,79,43,33,25,30,0.14,4,15,-11,-1.57,8.2,13.7,-5.5,-0.78,26,26.5,7,630,90,100,7.0,77,79,45,31,19,32,2.71,15,4,11,1.57,13.7,8.2,5.5,0.78,26,7.0,21,1,0,85,95,8,101,57,71,1,0,0,239,58,70,45.3,26,7.0,17,1,0,98,84,6,127,71,83,0,1,0,306,70,58,54.7
9,Tottenham,7,3,1,3,14,8,6,10,1.43,14.8,8.0,6.7,0.96,L L W W L,61416,Brennan Johnson - 3,Guglielmo Vicario,,9,3,2,0,1,7,2,5,6,2.0,6.6,2.5,4.2,1.39,4,1,1,2,7,6,1,4,1.0,8.1,5.6,2.6,0.64,21,25.7,62.3,7,77,630,7.0,13,10,23,13,0,0,18,0,14.8,14.8,10.2,25.0,197,386,1.86,1.43,3.29,1.86,3.29,2.11,1.46,3.57,2.11,3.57,21,26.5,37.7,7,77,630,7.0,8,6,14,8,0,0,16,1,8.0,8.0,6.8,14.8,78,171,1.14,0.86,2.0,1.14,2.0,1.15,0.97,2.11,1.15,2.11,1,7,7,630,7.0,8,1.14,23,15,65.2,3,1,3,2,28.6,0,0,0,0,,1,7,7,630,7.0,14,2.0,46,33,69.6,3,1,3,1,14.3,0,0,0,0,,1,7.0,8,0,0,1,0,9.1,0.39,1.1,0.15,3,16,18.8,253,49,6.3,20.2,32,0.0,13.8,77,9,11.7,17,2.43,16.6,1,7.0,14,0,0,2,1,12.8,0.28,-0.2,-0.02,46,135,34.1,211,35,50.2,40.1,57,50.9,40.7,121,5,4.1,8,1.14,12.3,21,7.0,13,123,46,37.4,17.57,6.57,0.11,0.28,15.9,2,0,0,14.8,14.8,0.13,-1.8,-1.8,21,7.0,8,61,23,37.7,8.71,3.29,0.13,0.35,13.8,0,0,0,8.0,8.0,0.13,0.0,0.0,21,7.0,3582,4223,84.8,58169,18741,1734,1907,90.9,1542,1703,90.5,209,370,56.5,10,10.2,9.5,-0.2,90,293,98,17,386,21,7.0,1956,2572,76.0,35100,14364,929,1059,87.7,762,901,84.6,214,444,48.2,6,6.8,5.7,-0.8,48,135,42,16,171,21,7.0,4223,3866,346,106,15,13,163,130,63,30,8,0,3582,11,93,21,7.0,2572,2249,306,95,13,15,103,100,33,23,6,2,1956,17,69,21,7.0,214,30.57,160,15,9,18,9,3,20,2.86,15,1,1,2,0,1,21,7.0,107,15.29,77,13,7,7,2,1,16,2.29,11,3,1,1,0,0,21,7.0,132,87,52,53,27,70,119,58.8,49,83,18,65,61,193,114,3,21,7.0,155,92,92,40,23,82,150,54.7,68,122,38,84,87,242,185,8,21,62.3,7.0,5027,405,1354,2115,1605,288,5027,165,68,41.2,82,49.7,3184,16905,9095,197,135,74,95,73,3540,383,21,37.7,7.0,3462,628,1602,1185,707,132,3462,133,49,36.8,70,52.6,1715,8744,3983,78,46,32,75,62,1940,168,21,25.7,7,630,90,100,7.0,77,84,46,31,15,32,1.43,14,8,6,0.86,14.8,8.0,6.7,0.96,21,26.5,7,630,90,100,7.0,77,84,49,28,20,35,1.43,8,14,-6,-0.86,8.0,14.8,-6.7,-0.96,21,7.0,18,0,0,84,88,11,163,61,87,0,0,0,315,76,65,53.9,21,7.0,16,1,0,91,80,17,103,87,92,0,0,1,291,65,76,46.1
12,West Ham,7,2,2,3,10,11,-1,8,1.14,10.5,11.0,-0.5,-0.07,L D L D W,62468,"Tomáš Souček, Lucas Paquetá... - 2",Alphonse Areola,,12,4,1,0,3,6,9,-3,3,0.75,7.5,7.8,-0.4,-0.09,3,1,2,0,4,2,2,5,1.67,3.1,3.2,-0.1,-0.05,23,28.6,45.9,7,77,630,7.0,9,4,13,8,1,1,16,0,10.5,9.7,6.2,16.0,135,248,1.29,0.57,1.86,1.14,1.71,1.5,0.89,2.4,1.39,2.28,23,26.3,54.1,7,77,630,7.0,11,10,21,11,0,0,12,0,11.0,11.0,9.9,21.0,163,282,1.57,1.43,3.0,1.57,3.0,1.58,1.42,3.0,1.58,3.0,2,7,7,630,7.0,11,1.57,28,17,60.7,2,2,3,1,14.3,0,0,0,0,,2,7,7,630,7.0,10,1.43,33,24,72.7,3,2,2,1,14.3,1,1,0,0,0.0,2,7.0,11,0,0,2,0,9.9,0.35,-1.1,-0.16,40,92,43.5,196,31,31.1,37.5,58,53.4,42.2,98,5,5.1,6,0.86,6.0,2,7.0,10,1,0,0,1,8.7,0.24,-0.3,-0.04,31,80,38.8,214,33,32.2,34.3,53,20.8,25.2,93,11,11.8,7,1.0,13.1,23,7.0,9,109,32,29.4,15.57,4.57,0.07,0.25,17.0,2,1,1,10.5,9.7,0.09,-1.5,-1.7,23,7.0,11,102,28,27.5,14.57,4.0,0.11,0.39,16.6,4,0,0,11.0,11.0,0.11,0.0,0.0,23,7.0,2543,3156,80.6,44790,16175,1185,1335,88.8,1046,1208,86.6,256,460,55.7,4,6.2,6.4,-2.2,71,209,53,13,248,23,7.0,3119,3778,82.6,54605,18290,1430,1592,89.8,1367,1569,87.1,273,470,58.1,10,9.9,8.8,0.1,85,264,62,13,282,23,7.0,3156,2865,279,61,9,36,125,112,30,12,16,0,2543,12,62,23,7.0,3778,3425,342,110,18,18,130,125,37,16,7,2,3119,11,63,23,7.0,185,26.43,129,15,11,18,6,6,13,1.86,5,1,1,5,1,0,23,7.0,179,25.57,141,13,5,12,7,1,18,2.57,16,1,1,0,0,0,23,7.0,115,62,60,42,13,50,106,47.2,56,89,30,59,63,178,157,2,23,7.0,151,92,66,58,27,53,117,45.3,64,81,30,51,60,211,144,4,23,45.9,7.0,3961,499,1390,1715,901,174,3960,137,64,46.7,53,38.7,2136,11532,5787,135,79,47,91,98,2520,248,23,54.1,7.0,4585,543,1513,1907,1198,196,4585,130,56,43.1,50,38.5,2670,14344,7902,163,87,49,96,65,3087,280,23,28.6,7,630,90,100,7.0,77,80,42,35,21,28,1.14,10,11,-1,-0.14,10.5,11.0,-0.5,-0.07,23,26.3,7,630,90,100,7.0,77,80,48,29,18,34,1.57,11,10,1,0.14,11.0,10.5,0.5,0.07,23,7.0,16,0,0,103,53,12,125,63,62,1,0,0,305,92,94,49.5,23,7.0,12,0,0,55,97,11,130,60,92,0,1,1,280,94,92,50.5
20,Wolves,7,0,1,6,9,21,-12,1,0.14,6.6,13.8,-7.3,-1.04,D L L L L,30968,Matheus Cunha - 3,Sam Johnstone,,20,3,0,0,3,4,10,-6,0,0.0,3.8,5.7,-1.9,-0.62,4,0,1,3,5,11,-6,1,0.25,2.8,8.2,-5.4,-1.35,23,27.1,47.4,7,77,630,7.0,9,7,16,9,0,0,22,0,6.6,6.6,5.0,11.6,102,194,1.29,1.0,2.29,1.29,2.29,0.94,0.71,1.65,0.94,1.65,23,26.4,52.6,7,77,630,7.0,21,17,38,19,2,2,19,0,13.8,12.3,10.1,22.4,155,301,3.0,2.43,5.43,2.71,5.14,1.98,1.45,3.42,1.75,3.2,2,7,7,630,7.0,21,3.0,46,25,58.7,0,1,6,0,0.0,2,2,0,0,0.0,2,7,7,630,7.0,9,1.29,27,18,66.7,6,1,0,1,14.3,0,0,0,0,,2,7.0,21,2,0,4,0,16.3,0.33,-4.7,-0.68,48,125,38.4,224,25,49.1,35.3,51,29.4,26.6,93,5,5.4,11,1.57,12.6,2,7.0,9,0,0,0,0,6.5,0.24,-2.5,-0.36,24,74,32.4,201,23,30.3,33.3,46,28.3,29.6,77,6,7.8,8,1.14,12.9,23,7.0,9,79,27,34.2,11.29,3.86,0.11,0.33,19.0,2,0,0,6.6,6.6,0.08,2.4,2.4,23,7.0,21,98,44,44.9,14.0,6.29,0.19,0.43,15.6,5,2,2,13.8,12.3,0.13,7.2,6.7,23,7.0,2417,3040,79.5,42687,14419,1112,1267,87.8,1035,1184,87.4,222,427,52.0,7,5.0,4.5,2.0,55,178,46,15,194,23,7.0,2769,3364,82.3,48497,17455,1268,1422,89.2,1244,1422,87.5,217,393,55.2,17,10.1,8.7,6.9,85,223,69,13,301,23,7.0,3040,2723,303,89,11,20,101,111,24,10,11,0,2417,14,60,23,7.0,3364,3025,324,109,6,15,127,100,53,36,7,0,2769,15,58,23,7.0,134,19.14,100,9,10,5,4,6,14,2.0,11,1,0,0,0,2,23,7.0,183,26.14,133,18,12,10,9,1,39,5.57,29,4,2,1,3,0,23,7.0,138,85,78,44,16,61,117,52.1,56,78,26,52,60,198,148,2,23,7.0,104,72,42,49,13,51,106,48.1,55,71,18,53,50,154,132,7,23,47.4,7.0,3777,522,1364,1626,837,143,3777,120,55,45.8,51,42.5,2065,11822,6120,102,88,37,97,53,2392,192,23,52.6,7.0,4103,419,1321,1697,1113,223,4101,136,56,41.2,61,44.9,2357,12444,6269,155,86,61,88,77,2739,299,23,27.1,7,630,90,100,7.0,77,83,47,30,18,33,0.14,9,21,-12,-1.71,6.6,13.8,-7.3,-1.04,23,26.4,7,630,90,100,7.0,77,83,48,29,20,34,2.71,21,9,12,1.71,13.8,6.6,7.3,1.04,23,7.0,22,0,0,104,77,14,101,60,85,0,2,0,271,85,88,49.1,23,7.0,19,0,0,79,99,15,127,50,72,2,0,0,274,88,85,50.9
