Pos,ID,Name,BV,SV,Team,38_xMins,38_Pts,Elite%
F,1,Balogun,4.4,4.4,Arsenal,0,0.00,0.00
D,2,Cédric,3.8,3.8,Arsenal,0,0.00,0.00
M,3,M.Elneny,4.4,4.4,Arsenal,1,0.05,0.00
M,4,Fábio Vieira,5.4,5.4,Arsenal,7,0.53,0.00
D,5,Gabriel,5.4,5.0,Arsenal,92,4.44,0.92
M,6,Havertz,7.6,7.6,Arsenal,83,4.71,0.01
D,7,Holding,4.3,4.3,Crystal Palace,4,0.13,0.00
F,8,G.Jesus,7.7,7.7,Arsenal,18,1.38,0.00
M,9,Jorginho,5.3,5.3,Arsenal,33,1.34,0.00
D,10,Kiwior,4.0,4.0,Arsenal,13,0.62,0.00
M,11,Marquinhos,4.5,4.5,Arsenal,0,0.00,0.00
M,12,Martinelli,7.5,7.5,Arsenal,40,2.82,0.00
F,13,Nketiah,5.0,5.0,Arsenal,5,0.43,0.00
M,14,Ødegaard,8.6,8.6,Arsenal,89,5.41,0.00
M,15,Thomas,4.8,4.8,Arsenal,48,1.85,0.00
M,16,Pepe,4.9,4.9,Arsenal,0,0.00,0.00
G,17,Ramsdale,4.5,4.5,Arsenal,0,0.00,0.00
G,18,Rúnarsson,4.0,4.0,Arsenal,0,0.00,0.00
M,19,Saka,8.8,8.8,Arsenal,78,2.80,0.12
D,20,Saliba,5.9,5.9,Arsenal,92,4.16,0.19
M,21,Sambi,4.9,4.9,Luton,88,2.41,0.00
M,22,Smith Rowe,5.3,5.3,Arsenal,11,0.73,0.00
D,23,Tavares,4.0,4.0,Nott'm Forest,12,0.45,0.00
D,24,Tierney,4.4,4.4,Arsenal,0,0.00,0.00
D,25,Tomiyasu,4.5,4.5,Arsenal,74,3.85,0.00
M,26,Trossard,6.6,6.6,Arsenal,58,4.12,0.00
D,27,Trusty,3.9,3.9,Sheffield Utd,85,1.98,0.00
G,28,Turner,3.7,3.7,Nott'm Forest,2,0.08,0.01
D,29,White,6.1,6.1,Arsenal,86,4.21,0.29
M,30,Xhaka,6.0,6.0,Arsenal,0,0.00,0.00
D,31,Zinchenko,5.0,5.0,Arsenal,17,0.92,0.00
D,32,Alex Moreno,4.9,4.9,Aston Villa,26,1.01,0.00
F,33,Archer,4.2,4.2,Sheffield Utd,50,2.21,0.01
M,34,Bailey,5.4,5.4,Aston Villa,82,3.46,0.00
M,35,Buendia,5.7,5.7,Aston Villa,0,0.00,0.00
D,36,Cash,4.5,4.5,Aston Villa,0,0.00,0.00
D,37,Chambers,3.8,3.8,Aston Villa,15,0.44,0.00
M,38,Coutinho,5.8,5.8,Aston Villa,0,0.00,0.00
F,39,Davis,4.9,4.9,Aston Villa,0,0.00,0.00
M,40,Dendoncker,4.9,4.9,Aston Villa,0,0.00,0.00
D,41,Diego Carlos,4.4,4.4,Aston Villa,79,2.36,0.00
D,42,Digne,4.6,4.6,Aston Villa,71,2.56,0.00
M,43,Douglas Luiz,5.4,5.4,Aston Villa,91,3.32,0.00
F,44,Duran,5.0,5.0,Aston Villa,48,2.30,0.00
D,45,Hause,3.9,3.9,Aston Villa,1,0.05,0.00
M,46,Iroegbunam,4.4,4.4,Aston Villa,52,1.84,0.00
M,47,Kamara,5.0,5.0,Aston Villa,0,0.00,0.00
D,48,Konsa,4.5,4.5,Aston Villa,92,2.65,0.00
G,49,Martinez,5.2,5.2,Aston Villa,94,3.48,0.00
M,50,McGinn,5.3,5.3,Aston Villa,90,2.79,0.00
D,51,Mings,4.1,4.1,Aston Villa,0,0.00,0.00
M,52,Nakamba,4.3,4.3,Luton,0,0.00,0.00
G,53,Olsen,3.9,3.9,Aston Villa,0,0.00,0.00
M,54,Philogene,4.5,4.5,Aston Villa,0,0.00,0.00
M,55,J.Ramsey,5.9,5.9,Aston Villa,0,0.00,0.00
M,56,Sanson,4.5,4.5,Aston Villa,0,0.00,0.00
G,57,Sinisalo,4.0,4.0,Aston Villa,0,0.00,0.00
M,58,Tielemans,5.6,5.6,Aston Villa,0,0.00,0.00
M,59,Bertrand Traoré,5.0,5.0,Aston Villa,0,0.00,0.00
F,60,Watkins,8.9,8.9,Aston Villa,90,4.04,0.01
F,61,Wesley,5.0,5.0,Aston Villa,0,0.00,0.00
M,62,Anthony,4.9,4.9,Bournemouth,0,0.00,0.00
M,63,Billing,5.1,5.1,Bournemouth,14,0.58,0.00
M,64,Brooks,4.7,4.7,Bournemouth,0,0.00,0.00
M,65,Christie,5.0,5.0,Bournemouth,71,2.42,0.00
M,66,L.Cook,4.8,4.8,Bournemouth,92,2.47,0.00
M,67,Siriki,4.5,4.5,Bournemouth,0,0.00,0.00
D,68,Fredericks,4.3,4.3,Bournemouth,0,0.00,0.00
D,69,Hill,4.0,4.0,Bournemouth,1,0.03,0.00
D,70,Kelly,4.5,4.5,Bournemouth,72,1.67,0.00
M,71,Kilkenny,4.3,4.3,Bournemouth,0,0.00,0.00
M,72,Kluivert,4.6,4.6,Bournemouth,59,2.40,0.00
M,73,Lowe,4.9,4.9,Bournemouth,0,0.00,0.00
M,74,Marcondes,4.3,4.3,Bournemouth,0,0.00,0.00
D,75,Mepham,4.3,4.3,Bournemouth,6,0.16,0.00
F,76,Moore,4.6,4.6,Bournemouth,0,0.00,0.00
G,77,Neto,4.6,4.6,Bournemouth,1,0.04,0.01
M,78,O.Dango,4.7,4.7,Bournemouth,43,1.74,0.00
M,79,Pearson,4.5,4.5,Bournemouth,0,0.00,0.00
G,80,Randolph,3.9,3.9,Bournemouth,0,0.00,0.00
M,81,Rothwell,4.8,4.8,Bournemouth,0,0.00,0.00
F,82,Semenyo,4.5,4.5,Bournemouth,76,2.59,0.00
D,83,Senesi,4.4,4.4,Bournemouth,86,1.96,0.00
D,84,Smith,4.4,4.4,Bournemouth,69,1.70,0.00
F,85,Solanke,6.9,6.9,Bournemouth,90,3.64,0.02
M,86,Tavernier,5.0,5.0,Bournemouth,46,1.92,0.00
M,87,Hamed Traorè,4.7,4.7,Bournemouth,0,0.00,0.00
G,88,Travers,4.0,4.0,Bournemouth,91,3.11,0.00
D,89,Zabarnyi,4.4,4.4,Bournemouth,93,1.99,0.02
D,90,Ajer,4.4,4.4,Brentford,73,2.42,0.00
G,91,Balcombe,3.9,3.9,Brentford,0,0.00,0.00
M,92,Baptiste,4.3,4.3,Brentford,3,0.23,0.00
D,93,Bech,4.0,4.0,Brentford,0,0.00,0.00
M,94,Bidstrup,4.5,4.5,Brentford,0,0.00,0.00
M,95,Canós,5.0,5.0,Brentford,0,0.00,0.00
D,96,Collins,4.5,4.5,Brentford,63,1.94,0.00
G,97,Cox,4.0,4.0,Brentford,0,0.00,0.00
M,98,Damsgaard,4.8,4.8,Brentford,42,1.78,0.00
M,99,Dasilva,4.7,4.7,Brentford,0,0.00,0.00
F,100,Dervişoğlu,4.5,4.5,Brentford,0,0.00,0.00
G,101,Flekken,4.7,4.7,Brentford,95,3.53,0.02
D,102,Goode,3.9,3.9,Brentford,0,0.00,0.00
D,103,Henry,4.2,4.2,Brentford,0,0.00,0.00
D,104,Hickey,4.3,4.3,Brentford,0,0.00,0.00
M,105,Janelt,5.2,5.2,Brentford,73,2.23,0.00
M,106,Jensen,5.2,5.2,Brentford,60,2.23,0.00
M,107,Lewis-Potter,4.7,4.7,Brentford,40,2.09,0.00
M,108,Mbeumo,6.8,6.8,Brentford,85,4.07,0.01
D,109,Mee,4.7,4.7,Brentford,0,0.00,0.00
M,110,Nørgaard,5.2,5.2,Brentford,86,2.51,0.00
M,111,Onyeka,4.9,4.9,Brentford,5,0.29,0.00
D,112,Pinnock,4.5,4.5,Brentford,91,2.94,0.00
G,113,Raya,5.3,5.3,Arsenal,94,4.24,0.11
D,114,Roerslev,4.4,4.4,Brentford,38,1.41,0.00
M,115,Schade,5.2,5.2,Brentford,7,0.45,0.00
G,116,Strakosha,3.9,3.9,Brentford,0,0.00,0.00
F,117,Toney,7.7,7.7,Brentford,88,4.54,0.00
M,118,Trevitt,4.5,4.5,Brentford,0,0.00,0.00
F,119,Wissa,5.7,5.7,Brentford,39,1.97,0.00
M,120,Yarmoliuk,4.2,4.2,Brentford,11,0.50,0.00
D,121,Zanka,4.3,4.3,Brentford,36,1.17,0.00
M,122,Adingra,5.0,5.0,Brighton,76,3.42,0.00
M,123,Alzate,4.4,4.4,Brighton,0,0.00,0.00
M,124,Ayari,4.5,4.5,Brighton,0,0.00,0.00
M,125,Buonanotte,4.7,4.7,Brighton,44,1.98,0.00
M,126,Caicedo,4.5,4.5,Chelsea,93,2.70,0.00
F,127,Connolly,4.5,4.5,Brighton,0,0.00,0.00
M,128,Dahoud,4.8,4.8,Brighton,0,0.00,0.00
D,129,Dunk,5.2,5.2,Brighton,0,0.00,0.04
M,130,Enciso,5.0,5.0,Brighton,47,2.37,0.00
D,131,Estupiñan,4.7,4.7,Brighton,0,0.00,0.01
F,132,Ferguson,5.7,5.7,Brighton,0,0.00,0.00
M,133,Gilmour,4.8,4.8,Brighton,80,2.39,0.00
M,134,Gross,6.1,6.1,Brighton,84,3.56,0.01
F,135,João Pedro,5.2,5.2,Brighton,79,4.28,0.04
D,136,Karbownik,4.0,4.0,Brighton,0,0.00,0.00
M,137,Kozłowski,4.5,4.5,Brighton,0,0.00,0.00
M,138,Lallana,4.9,4.9,Brighton,16,0.77,0.00
D,139,Lamptey,3.9,3.9,Brighton,74,2.96,0.00
M,140,March,6.1,6.1,Brighton,0,0.00,0.00
G,141,McGill,3.9,3.9,Brighton,0,0.00,0.00
M,142,Milner,4.8,4.8,Brighton,0,0.00,0.00
M,143,Mitoma,6.4,6.4,Brighton,0,0.00,0.00
M,144,Moder,4.4,4.4,Brighton,33,1.32,0.00
G,145,Sanchez,4.5,4.5,Chelsea,4,0.14,0.00
M,146,Sarmiento,4.5,4.5,Brighton,0,0.00,0.00
G,147,Scherpen,4.0,4.0,Brighton,0,0.00,0.00
G,148,Steele,4.0,4.0,Brighton,17,0.66,0.00
F,149,Undav,5.5,5.5,Brighton,0,0.00,0.00
D,150,Van Hecke,4.0,4.0,Brighton,0,0.00,0.01
D,151,Veltman,4.3,4.3,Brighton,0,0.00,0.01
G,152,Verbruggen,4.4,4.4,Brighton,75,2.83,0.01
D,153,Webster,4.2,4.2,Brighton,84,2.79,0.01
F,154,Welbeck,5.7,5.7,Brighton,68,3.34,0.00
F,155,Zeqiri,4.4,4.4,Brighton,0,0.00,0.00
M,156,Agyei,4.2,4.2,Burnley,0,0.00,0.00
D,157,Al-Dakhil,3.8,3.8,Burnley,0,0.00,0.00
M,158,Bastien,4.9,4.9,Burnley,0,0.00,0.00
M,159,Benson,5.2,5.2,Burnley,5,0.41,0.00
D,160,Beyer,3.9,3.9,Burnley,0,0.00,0.00
M,161,Brownhill,4.7,4.7,Burnley,33,1.28,0.00
M,162,Churlinov,4.4,4.4,Burnley,0,0.00,0.00
M,163,Cork,4.8,4.8,Burnley,0,0.00,0.00
M,164,Costelloe,4.5,4.5,Burnley,0,0.00,0.00
M,165,Cullen,5.0,5.0,Burnley,90,2.58,0.00
D,166,Egan-Riley,3.9,3.9,Burnley,0,0.00,0.00
D,167,Ekdal,3.9,3.9,Burnley,8,0.30,0.00
F,168,Foster,4.7,4.7,Burnley,82,3.62,0.00
G,169,Franchi,3.9,3.9,Burnley,0,0.00,0.00
M,170,Gudmundsson,4.8,4.8,Burnley,14,0.78,0.00
D,171,McNally,4.0,4.0,Burnley,0,0.00,0.00
G,172,Muric,4.3,4.3,Burnley,93,3.62,0.00
D,173,O'Shea,4.4,4.4,Burnley,89,3.05,0.00
F,174,Obafemi,4.9,4.9,Burnley,0,0.00,0.00
G,175,Peacock-Farrell,4.0,4.0,Burnley,0,0.00,0.00
D,176,Roberts,4.3,4.3,Burnley,0,0.00,0.00
F,177,Rodriguez,5.3,5.3,Burnley,8,0.52,0.00
D,178,Taylor,3.9,3.9,Burnley,63,2.15,0.01
D,179,Thomas,4.0,4.0,Burnley,0,0.00,0.00
M,180,Twine,4.9,4.9,Burnley,0,0.00,0.00
G,181,Vigouroux,3.9,3.9,Burnley,0,0.00,0.00
D,182,Vitinho,4.4,4.4,Burnley,63,2.54,0.00
F,183,Weghorst,5.5,5.5,Burnley,0,0.00,0.00
M,184,Zaroury,4.6,4.6,Burnley,0,0.00,0.00
D,185,Ampadu,4.0,4.0,Chelsea,0,0.00,0.00
M,186,Andrey,4.2,4.2,Chelsea,0,0.00,0.00
G,187,Arrizabalaga,5.0,5.0,Chelsea,0,0.00,0.00
F,188,Aubameyang,6.5,6.5,Chelsea,0,0.00,0.00
D,189,Azpilicueta,4.5,4.5,Chelsea,0,0.00,0.00
D,190,Baba,4.0,4.0,Chelsea,0,0.00,0.00
D,191,B.Badiashile,4.4,4.4,Chelsea,30,1.21,0.00
G,192,Bettinelli,4.0,4.0,Chelsea,0,0.00,0.00
F,193,Broja,4.9,4.9,Fulham,3,0.24,0.00
D,194,Chalobah,4.3,4.3,Chelsea,77,3.10,0.01
D,195,Chilwell,5.4,5.4,Chelsea,14,0.72,0.01
M,196,Chukwuemeka,4.2,4.2,Chelsea,13,0.67,0.00
D,197,Colwill,4.6,4.6,Chelsea,27,1.14,0.00
D,198,Cucurella,4.9,4.9,Chelsea,77,3.25,0.07
M,199,Enzo,4.8,4.8,Chelsea,0,0.00,0.00
F,200,D.D.Fofana,5.0,5.0,Burnley,32,1.91,0.00
D,201,W.Fofana,4.4,4.4,Chelsea,0,0.00,0.00
M,202,Gallagher,5.4,5.4,Chelsea,89,3.68,0.00
D,203,Gusto,4.3,4.3,Chelsea,53,2.47,0.08
D,204,Hall,4.2,4.2,Newcastle,56,2.12,0.00
M,205,Hudson-Odoi,4.7,4.7,Nott'm Forest,72,3.05,0.00
D,206,James,5.3,5.3,Chelsea,21,1.15,0.00
F,207,Lukaku,6.8,6.8,Chelsea,0,0.00,0.00
M,208,Madueke,5.3,5.3,Chelsea,62,3.35,0.00
M,209,Mount,6.8,6.8,Man Utd,0,0.00,0.00
M,210,Mudryk,6.3,6.3,Chelsea,0,0.00,0.00
F,211,N.Jackson,7.0,6.9,Chelsea,80,4.14,0.93
F,212,Nkunku,7.2,7.2,Chelsea,51,2.83,0.00
M,213,Pulisic,5.5,5.5,Chelsea,0,0.00,0.00
D,214,M.Sarr,4.3,4.3,Chelsea,0,0.00,0.00
G,215,Slonina,4.0,4.0,Chelsea,0,0.00,0.00
M,216,Sterling,6.8,6.8,Chelsea,44,2.48,0.00
D,217,T.Silva,5.0,5.0,Chelsea,86,3.44,0.00
M,218,Ziyech,5.4,5.4,Chelsea,0,0.00,0.00
M,219,Ahamada,4.3,4.3,Crystal Palace,0,0.00,0.00
D,220,Andersen,4.7,4.7,Crystal Palace,92,3.00,0.00
M,221,J.Ayew,5.3,5.3,Crystal Palace,39,2.09,0.00
D,222,Clyne,4.3,4.3,Crystal Palace,25,0.91,0.00
M,223,C.Doucouré,4.8,4.8,Crystal Palace,12,0.44,0.00
M,224,Ebiowei,4.4,4.4,Crystal Palace,0,0.00,0.00
F,225,Edouard,5.3,5.3,Crystal Palace,26,1.56,0.00
M,226,Eze,6.0,6.0,Crystal Palace,82,4.56,0.01
G,227,Guaita,4.4,4.4,Crystal Palace,0,0.00,0.00
D,228,Guéhi,4.2,4.2,Crystal Palace,76,2.55,0.00
M,229,Hughes,4.9,4.9,Crystal Palace,0,0.00,0.00
G,230,Johnstone,4.3,4.3,Crystal Palace,0,0.00,0.00
M,231,Lerma,4.7,4.7,Crystal Palace,50,1.54,0.00
F,232,Mateta,5.1,5.1,Crystal Palace,78,4.00,0.01
G,233,Matthews,3.9,3.9,Crystal Palace,0,0.00,0.00
D,234,Mitchell,4.5,4.5,Crystal Palace,86,3.00,0.00
D,235,O'Brien,4.0,4.0,Crystal Palace,0,0.00,0.00
M,236,Olise,5.7,5.7,Crystal Palace,86,4.54,0.00
F,237,Plange,4.5,4.5,Crystal Palace,0,0.00,0.00
D,238,C.Richards,3.9,3.9,Crystal Palace,86,2.81,0.01
M,239,Riedewald,4.3,4.3,Crystal Palace,11,0.41,0.00
M,240,Schlupp,4.8,4.8,Crystal Palace,33,1.58,0.00
D,241,Tomkins,3.9,3.9,Crystal Palace,2,0.06,0.00
D,242,Ward,4.5,4.5,Crystal Palace,12,0.38,0.00
G,243,Whitworth,3.9,3.9,Crystal Palace,0,0.00,0.00
M,244,André Gomes,4.4,4.4,Everton,20,0.75,0.00
D,245,Branthwaite,4.5,4.5,Everton,91,1.48,0.08
F,246,Calvert-Lewin,5.8,5.8,Everton,66,2.63,0.00
D,247,Coleman,4.4,4.4,Everton,61,1.30,0.00
M,248,Dele,4.8,4.8,Everton,0,0.00,0.00
M,249,A.Doucoure,5.5,5.5,Everton,83,2.35,0.00
M,250,Garner,4.9,4.9,Everton,76,2.06,0.00
M,251,Gbamin,4.4,4.4,Everton,0,0.00,0.00
D,252,Godfrey,4.3,4.3,Everton,58,1.07,0.01
M,253,Gray,5.3,5.3,Everton,0,0.00,0.00
M,254,Gana,4.8,4.8,Everton,78,2.02,0.00
D,255,Holgate,4.0,4.0,Sheffield Utd,22,0.64,0.00
M,256,Iwobi,5.3,5.3,Fulham,81,3.60,0.00
D,257,Keane,4.2,4.2,Everton,14,0.31,0.00
F,258,Maupay,4.9,4.9,Brentford,5,0.33,0.00
M,259,McNeil,5.4,5.4,Everton,91,2.92,0.00
D,260,Mykolenko,4.5,4.5,Everton,0,0.00,0.00
M,261,Onana,4.7,4.7,Everton,55,1.52,0.00
D,262,Patterson,4.3,4.3,Everton,0,0.00,0.00
G,263,Pickford,4.8,4.8,Everton,93,3.04,0.02
F,264,Simms,4.5,4.5,Everton,0,0.00,0.00
D,265,Tarkowski,4.6,4.6,Everton,89,1.43,0.08
G,266,J.Virginia,3.9,3.9,Everton,0,0.00,0.00
M,267,Andreas,5.3,5.3,Fulham,83,4.40,0.00
M,268,Cairney,4.9,4.9,Fulham,38,1.67,0.00
M,269,I.Cavaleiro,5.0,5.0,Fulham,0,0.00,0.00
M,270,De Cordova-Reid,5.2,5.2,Fulham,42,2.02,0.00
D,271,Diop,4.4,4.4,Fulham,0,0.00,0.00
M,272,Francois,4.4,4.4,Fulham,0,0.00,0.00
M,273,Knockaert,4.4,4.4,Fulham,0,0.00,0.00
D,274,Kongolo,4.0,4.0,Fulham,0,0.00,0.00
G,275,Leno,4.8,4.8,Fulham,94,3.82,0.00
M,276,Lukić,4.3,4.3,Fulham,0,0.00,0.00
D,277,Mbabu,4.0,4.0,Fulham,0,0.00,0.00
F,278,Mitrović,7.4,7.4,Fulham,0,0.00,0.00
F,279,Muniz,4.3,4.3,Fulham,83,4.42,0.01
M,280,J.Palhinha,5.0,5.0,Fulham,89,2.56,0.00
D,281,Ream,4.4,4.4,Fulham,90,3.02,0.00
M,282,Reed,4.3,4.3,Fulham,53,1.91,0.00
D,283,Robinson,4.5,4.5,Fulham,90,3.35,0.00
G,284,Rodák,3.9,3.9,Fulham,0,0.00,0.00
D,285,Tete,4.4,4.4,Fulham,16,0.65,0.00
D,286,Tosin,4.3,4.3,Fulham,5,0.18,0.00
F,287,Vinícius,4.5,4.5,Fulham,0,0.00,0.00
M,288,Wilson,5.3,5.3,Fulham,20,1.25,0.00
G,289,Adrián,3.8,3.8,Liverpool,0,0.00,0.00
D,290,Alexander-Arnold,8.4,8.4,Liverpool,80,4.78,0.01
G,291,A.Becker,5.7,5.7,Liverpool,95,4.20,0.00
M,292,Bajcetic,4.7,4.7,Liverpool,6,0.25,0.00
F,293,Darwin,7.5,7.5,Liverpool,29,2.14,0.00
M,294,Diogo J.,7.9,7.9,Liverpool,34,2.49,0.00
M,295,Elliott,4.8,4.8,Liverpool,56,2.87,0.00
M,296,Fabinho,5.0,5.0,Liverpool,0,0.00,0.00
F,297,Gakpo,7.1,7.1,Liverpool,52,3.04,0.00
D,298,Gomez,4.5,4.5,Liverpool,27,1.27,0.00
M,299,Henderson,5.0,5.0,Liverpool,0,0.00,0.00
M,300,Jones,4.9,4.9,Liverpool,19,0.96,0.00
G,301,Kelleher,3.6,3.6,Liverpool,0,0.00,0.01
D,302,Konaté,4.9,4.9,Liverpool,23,0.99,0.00
M,303,Luis Díaz,7.6,7.6,Liverpool,74,4.38,0.00
M,304,Mac Allister,5.9,5.9,Liverpool,83,3.55,0.00
D,305,Matip,4.8,4.8,Liverpool,11,0.50,0.00
D,306,Phillips,4.0,4.0,Liverpool,0,0.00,0.00
D,307,Robertson,6.5,6.5,Liverpool,60,3.38,0.01
M,308,Salah,13.4,13.4,Liverpool,82,6.05,0.02
M,309,Szoboszlai,7.1,7.1,Liverpool,30,1.81,0.00
M,310,Thiago,4.7,4.7,Liverpool,4,0.19,0.00
D,311,Tsimikas,4.3,4.3,Liverpool,10,0.48,0.00
D,312,Van den Berg,4.0,4.0,Liverpool,0,0.00,0.00
D,313,Virgil,6.6,6.6,Liverpool,91,4.17,0.01
F,314,Adebayo,4.8,4.8,Luton,67,2.94,0.00
D,315,Andersen,3.8,3.8,Luton,0,0.00,0.00
D,316,Bell,3.8,3.8,Luton,0,0.00,0.00
M,317,Berry,4.6,4.6,Luton,53,2.03,0.00
D,318,Burke,4.0,4.0,Luton,0,0.00,0.00
M,319,Campbell,4.9,4.9,Luton,0,0.00,0.00
M,320,Clark,4.8,4.8,Luton,72,2.41,0.00
D,321,Doughty,4.3,4.3,Luton,86,3.52,0.02
M,322,Freeman,4.9,4.9,Luton,0,0.00,0.00
G,323,Macey,4.0,4.0,Luton,0,0.00,0.00
F,324,McAtee,4.5,4.5,Luton,0,0.00,0.00
M,325,Mendes,4.5,4.5,Luton,0,0.00,0.00
F,326,Morris,4.7,4.7,Luton,79,3.52,0.00
F,327,Muskwe,4.5,4.5,Luton,0,0.00,0.00
F,328,Ogbene,4.8,4.8,Luton,65,2.33,0.00
M,329,Onyedinma,5.0,5.0,Luton,47,1.90,0.00
D,330,Osho,4.4,4.4,Luton,93,2.62,0.00
F,331,Pepple,4.5,4.5,Luton,0,0.00,0.00
M,332,Pereira,4.4,4.4,Luton,0,0.00,0.00
D,333,Potts,3.9,3.9,Luton,0,0.00,0.00
M,334,Rea,4.4,4.4,Luton,0,0.00,0.00
G,335,Shea,4.2,4.2,Luton,0,0.00,0.00
F,336,Taylor,4.5,4.5,Luton,0,0.00,0.00
M,337,Thorpe,4.5,4.5,Luton,0,0.00,0.00
G,338,Walton,4.0,4.0,Luton,0,0.00,0.00
M,339,Watson,4.4,4.4,Luton,0,0.00,0.00
F,340,Woodrow,4.3,4.3,Luton,6,0.42,0.00
D,341,Akanji,5.0,5.0,Man City,73,3.65,0.01
D,342,Aké,5.0,5.0,Man City,61,3.25,0.00
F,343,J.Alvarez,6.4,6.4,Man City,48,3.56,0.01
M,344,Bernardo,6.2,6.2,Man City,74,3.85,0.00
M,345,Bobb,4.4,4.4,Man City,9,0.61,0.00
D,346,Cancelo,5.8,5.8,Man City,0,0.00,0.00
G,347,Carson,3.8,3.8,Man City,0,0.00,0.00
M,348,Charles,4.5,4.5,Man City,0,0.00,0.00
M,349,De Bruyne,10.6,10.6,Man City,65,4.92,0.08
D,350,Rúben,5.5,5.5,Man City,34,1.68,0.03
M,351,Doyle,4.4,4.4,Wolves,19,0.78,0.00
G,352,Ederson M.,5.5,5.5,Man City,0,0.00,0.48
M,353,Foden,8.5,8.5,Man City,87,5.83,0.88
M,354,Grealish,7.2,7.2,Man City,42,2.75,0.00
F,355,Haaland,14.3,14.1,Man City,88,7.37,0.98
M,356,Kovačić,4.6,4.6,Man City,47,2.12,0.00
D,357,Laporte,4.9,4.9,Man City,0,0.00,0.00
D,358,R.Lewis,4.2,4.2,Man City,9,0.44,0.00
M,359,Mahrez,7.5,7.5,Man City,0,0.00,0.00
M,360,McAtee,4.4,4.4,Sheffield Utd,56,2.36,0.00
G,361,Ortega Moreno,3.6,3.6,Man City,94,4.40,0.00
M,362,Palmer,6.3,6.0,Chelsea,87,5.96,0.99
M,363,Perrone,4.4,4.4,Man City,0,0.00,0.00
M,364,Phillips,4.7,4.7,West Ham,0,0.00,0.00
M,365,Rodrigo,5.6,5.6,Man City,92,3.60,0.00
D,366,Sergio Gómez,3.8,3.8,Man City,0,0.00,0.00
G,367,Steffen,3.9,3.9,Man City,0,0.00,0.00
D,368,Stones,5.3,5.3,Man City,39,2.04,0.00
D,369,Walker,5.5,5.5,Man City,73,3.88,0.05
D,370,Alex Telles,4.5,4.5,Man Utd,0,0.00,0.00
M,371,Amad,4.4,4.4,Man Utd,49,2.32,0.00
M,372,Antony,6.8,6.8,Man Utd,14,0.72,0.00
M,373,B.Fernandes,8.5,8.4,Man Utd,92,4.32,0.53
D,374,B.Williams,4.0,4.0,Man Utd,0,0.00,0.00
D,375,Bailly,4.0,4.0,Man Utd,0,0.00,0.00
M,376,Casemiro,5.3,5.3,Man Utd,78,2.27,0.00
D,377,Dalot,5.2,5.2,Man Utd,93,2.94,0.20
M,378,Elanga,4.9,4.9,Nott'm Forest,58,2.48,0.00
M,379,Eriksen,5.8,5.8,Man Utd,8,0.43,0.00
D,380,Fernandez,4.0,4.0,Man Utd,0,0.00,0.00
M,381,Fred,5.0,5.0,Man Utd,0,0.00,0.00
M,382,Garnacho,5.0,5.0,Man Utd,82,3.54,0.22
M,383,Hannibal,4.3,4.3,Man Utd,0,0.00,0.00
G,384,Heaton,3.9,3.9,Man Utd,0,0.00,0.00
G,385,Henderson,4.4,4.4,Crystal Palace,93,3.58,0.01
D,386,Lindelof,4.5,4.5,Man Utd,22,0.73,0.00
D,387,Maguire,4.3,4.3,Man Utd,0,0.00,0.01
M,388,Mainoo,4.4,4.4,Man Utd,86,2.70,0.00
D,389,Malacia,4.3,4.3,Man Utd,0,0.00,0.00
F,390,Martial,6.4,6.4,Man Utd,2,0.18,0.00
D,391,Martinez,4.7,4.7,Man Utd,52,1.75,0.00
M,392,McTominay,4.5,4.5,Man Utd,35,1.19,0.00
D,393,Mengi,3.9,3.9,Luton,90,2.55,0.00
M,394,Pellistri,4.2,4.2,Man Utd,0,0.00,0.00
D,395,R.Varane,4.9,4.9,Man Utd,7,0.26,0.00
M,396,Rashford,8.4,8.4,Man Utd,58,3.02,0.01
M,397,Sancho,6.7,6.7,Man Utd,0,0.00,0.00
D,398,Shaw,5.2,5.2,Man Utd,0,0.00,0.00
F,399,Shoretire,4.4,4.4,Man Utd,0,0.00,0.00
M,400,Van de Beek,4.7,4.7,Man Utd,0,0.00,0.00
D,401,Wan-Bissaka,4.4,4.4,Man Utd,90,2.79,0.01
M,402,Almirón,6.0,6.0,Newcastle,42,2.12,0.00
M,403,Anderson,4.2,4.2,Newcastle,42,1.63,0.00
D,404,Ashby,4.0,4.0,Newcastle,0,0.00,0.00
D,405,Botman,4.5,4.5,Newcastle,0,0.00,0.01
M,406,Bruno G.,5.8,5.8,Newcastle,94,2.81,0.00
D,407,Burn,4.7,4.6,Newcastle,89,2.93,0.86
G,408,Darlow,4.0,4.0,Newcastle,0,0.00,0.00
G,409,Dubravka,4.3,4.3,Newcastle,32,1.21,0.02
M,410,Fraser,4.9,4.9,Newcastle,0,0.00,0.00
G,411,Gillespie,3.9,3.9,Newcastle,0,0.00,0.00
M,412,Gordon,6.4,6.2,Newcastle,9,0.39,0.79
M,413,Hayden,4.4,4.4,Newcastle,0,0.00,0.00
M,414,Hendrick,4.4,4.4,Newcastle,0,0.00,0.00
F,415,Isak,8.4,8.2,Newcastle,81,4.23,0.93
M,416,Joelinton,5.8,5.8,Newcastle,63,2.25,0.00
D,417,Krafth,4.4,4.4,Newcastle,59,1.87,0.04
M,418,Kuol,4.5,4.5,Newcastle,0,0.00,0.00
D,419,Lascelles,3.7,3.7,Newcastle,0,0.00,0.00
D,420,J.Lewis,4.0,4.0,Newcastle,0,0.00,0.00
M,421,Longstaff,4.8,4.8,Newcastle,81,2.51,0.00
D,422,Manquillo,4.0,4.0,Newcastle,0,0.00,0.00
M,423,J.Murphy,4.8,4.8,Newcastle,53,2.51,0.00
G,424,Pope,5.3,5.3,Newcastle,58,2.21,0.00
M,425,Ritchie,4.3,4.3,Newcastle,3,0.13,0.00
M,426,Saint-Maximin,6.0,6.0,Newcastle,0,0.00,0.00
D,427,Schär,5.6,5.6,Newcastle,92,3.01,0.01
D,428,Targett,4.2,4.2,Newcastle,0,0.00,0.00
M,429,Tonali,5.2,5.2,Newcastle,0,0.00,0.00
D,430,Trippier,6.6,6.6,Newcastle,71,2.81,0.01
D,431,Watts,4.0,4.0,Newcastle,0,0.00,0.00
M,432,Willock,5.3,5.3,Newcastle,0,0.00,0.00
F,433,Wilson,7.8,7.8,Newcastle,45,2.58,0.02
M,434,B.Aguilera,4.5,4.5,Nott'm Forest,0,0.00,0.00
M,435,Arter,4.3,4.3,Nott'm Forest,0,0.00,0.00
D,436,Aurier,4.5,4.5,Nott'm Forest,0,0.00,0.00
F,437,Awoniyi,6.3,6.3,Nott'm Forest,20,1.31,0.00
D,438,Biancone,3.9,3.9,Nott'm Forest,0,0.00,0.00
D,439,Boly,4.5,4.5,Nott'm Forest,83,2.83,0.00
M,440,Bowler,4.5,4.5,Nott'm Forest,0,0.00,0.00
D,441,Cook,4.5,4.5,Nott'm Forest,0,0.00,0.00
M,442,Danilo,5.3,5.3,Nott'm Forest,78,2.55,0.00
F,443,Dennis,4.8,4.8,Nott'm Forest,0,0.00,0.00
D,444,Dräger,4.0,4.0,Nott'm Forest,0,0.00,0.00
D,445,Felipe,4.4,4.4,Nott'm Forest,0,0.00,0.00
M,446,Freuler,4.9,4.9,Nott'm Forest,0,0.00,0.00
M,447,Gibbs-White,5.7,5.7,Nott'm Forest,89,4.15,0.00
G,448,Hennessey,3.9,3.9,Nott'm Forest,0,0.00,0.00
G,449,Horvath,4.3,4.3,Nott'm Forest,0,0.00,0.00
M,450,Johnson,5.8,5.8,Spurs,83,4.64,0.19
M,451,Kouyaté,4.8,4.8,Nott'm Forest,7,0.30,0.00
D,452,Laryea,4.5,4.5,Nott'm Forest,0,0.00,0.00
M,453,Mangala,5.0,5.0,Nott'm Forest,0,0.00,0.00
D,454,Mbe Soh,4.0,4.0,Nott'm Forest,0,0.00,0.00
D,455,McKenna,4.4,4.4,Nott'm Forest,0,0.00,0.00
M,456,Mighten,4.4,4.4,Nott'm Forest,0,0.00,0.00
D,457,Niakhaté,4.5,4.5,Nott'm Forest,38,1.18,0.00
M,458,O'Brien,4.9,4.9,Nott'm Forest,0,0.00,0.00
M,459,Ojeda,4.5,4.5,Nott'm Forest,0,0.00,0.00
D,460,Panzo,4.0,4.0,Nott'm Forest,0,0.00,0.00
D,461,O.Richards,4.4,4.4,Nott'm Forest,0,0.00,0.00
M,462,G.Scarpa,4.5,4.5,Nott'm Forest,0,0.00,0.00
M,463,J.Shelvey,4.8,4.8,Nott'm Forest,0,0.00,0.00
F,464,Surridge,4.5,4.5,Nott'm Forest,0,0.00,0.00
D,465,Toffolo,4.4,4.4,Nott'm Forest,18,0.63,0.00
F,466,Ui-jo,4.4,4.4,Nott'm Forest,0,0.00,0.00
D,467,Williams,4.3,4.3,Nott'm Forest,0,0.00,0.00
F,468,Wood,4.7,4.7,Nott'm Forest,82,4.03,0.00
D,469,Worrall,4.3,4.3,Nott'm Forest,0,0.00,0.00
M,470,Yates,4.8,4.8,Nott'm Forest,83,2.39,0.00
D,471,Ahmedhodžić,4.3,4.3,Sheffield Utd,89,2.06,0.00
G,472,Amissah,3.9,3.9,Sheffield Utd,0,0.00,0.00
D,473,Baldock,3.8,3.8,Sheffield Utd,0,0.00,0.00
D,474,Basham,3.9,3.9,Sheffield Utd,0,0.00,0.00
M,475,Berge,4.6,4.6,Burnley,90,2.66,0.00
D,476,Bogle,4.5,4.5,Sheffield Utd,86,2.28,0.00
F,477,Brewster,4.9,4.9,Sheffield Utd,20,1.00,0.00
M,478,Coulibaly,4.4,4.4,Sheffield Utd,0,0.00,0.00
G,479,A.Davies,4.0,4.0,Sheffield Utd,0,0.00,0.00
D,480,Egan,4.2,4.2,Sheffield Utd,0,0.00,0.00
M,481,Fleck,4.9,4.9,Sheffield Utd,0,0.00,0.00
G,482,Foderingham,4.4,4.4,Sheffield Utd,93,3.13,0.00
F,483,Jebbison,4.8,4.8,Sheffield Utd,0,0.00,0.00
D,484,Lowe,4.3,4.3,Sheffield Utd,22,0.67,0.00
F,485,McBurnie,5.4,5.4,Sheffield Utd,0,0.00,0.00
F,486,Ndiaye,5.5,5.5,Sheffield Utd,0,0.00,0.00
D,487,Norrington-Davies,3.9,3.9,Sheffield Utd,0,0.00,0.00
M,488,Norwood,4.8,4.8,Sheffield Utd,16,0.63,0.00
M,489,Osborn,4.8,4.8,Sheffield Utd,60,1.80,0.00
F,490,Osula,4.2,4.2,Sheffield Utd,11,0.61,0.00
G,491,Austin,3.9,3.9,Spurs,2,0.09,0.00
M,492,Bentancur,5.4,5.4,Spurs,57,2.14,0.00
M,493,Bissouma,5.0,5.0,Spurs,0,0.00,0.00
M,494,Bryan,4.9,4.9,Spurs,18,1.09,0.00
D,495,Davies,4.3,4.3,Spurs,0,0.00,0.00
D,496,Dier,4.2,4.2,Spurs,0,0.00,0.00
D,497,E.Royal,4.3,4.3,Spurs,29,1.32,0.00
G,498,Forster,3.8,3.8,Spurs,0,0.00,0.00
M,499,Højbjerg,5.1,5.1,Spurs,63,2.07,0.00
F,500,Kane,12.5,12.5,Spurs,0,0.00,0.00
M,501,Kulusevski,6.7,6.7,Spurs,75,3.65,0.00
G,502,Lloris,4.7,4.7,Spurs,0,0.00,0.00
M,503,Lo Celso,4.8,4.8,Spurs,24,1.33,0.00
M,504,Maddison,7.8,7.8,Spurs,74,4.41,0.13
M,505,Ndombele,4.4,4.4,Spurs,0,0.00,0.00
D,506,Pedro Porro,5.9,5.8,Spurs,85,4.44,0.94
D,507,Perišić,4.7,4.7,Spurs,0,0.00,0.00
D,508,Reguilón,4.5,4.5,Brentford,87,3.17,0.05
M,509,Richarlison,6.8,6.8,Spurs,0,0.00,0.01
D,510,Rodon,4.0,4.0,Spurs,0,0.00,0.00
D,511,Romero,5.1,5.1,Spurs,91,3.73,0.15
D,512,Sánchez,4.4,4.4,Spurs,0,0.00,0.00
M,513,Sarr,4.4,4.4,Spurs,67,2.71,0.00
D,514,Sessegnon,4.4,4.4,Spurs,0,0.00,0.00
M,515,Skipp,4.5,4.5,Spurs,45,1.52,0.00
M,516,Son,10.0,9.9,Spurs,87,5.56,0.98
D,517,Spence,4.0,4.0,Spurs,0,0.00,0.00
D,518,Tanganga,4.0,4.0,Spurs,0,0.00,0.00
D,519,Udogie,4.9,4.9,Spurs,0,0.00,0.00
G,520,Vicario,5.3,5.3,Spurs,94,3.92,0.20
G,521,Whiteman,3.9,3.9,Spurs,0,0.00,0.00
D,522,N.Aguerd,4.4,4.4,West Ham,17,0.24,0.00
F,523,Antonio,5.7,5.7,West Ham,69,2.30,0.00
G,524,Areola,4.2,4.2,West Ham,95,3.11,0.03
M,525,Benrahma,5.6,5.6,West Ham,0,0.00,0.00
M,526,Bowen,7.6,7.6,West Ham,86,2.73,0.00
M,527,Cornet,5.2,5.2,West Ham,7,0.38,0.00
D,528,Coufal,4.5,4.5,West Ham,82,1.10,0.00
M,529,Coventry,4.3,4.3,West Ham,0,0.00,0.00
D,530,Cresswell,4.2,4.2,West Ham,12,0.29,0.00
M,531,Downes,5.0,5.0,West Ham,0,0.00,0.00
D,532,Emerson,4.3,4.3,West Ham,86,1.12,0.00
G,533,Fabianski,4.2,4.2,West Ham,3,0.09,0.00
M,534,P.Fornals,4.6,4.6,West Ham,0,0.00,0.00
F,535,Ings,5.5,5.5,West Ham,21,0.91,0.00
D,536,Johnson,4.4,4.4,West Ham,16,0.28,0.00
D,537,Kehrer,4.2,4.2,West Ham,0,0.00,0.00
F,538,Mubama,4.1,4.1,West Ham,1,0.08,0.00
M,539,L.Paquetá,6.0,6.0,West Ham,84,2.68,0.00
M,540,Rice,5.5,5.5,Arsenal,90,3.74,0.00
F,541,Scamacca,6.0,6.0,West Ham,0,0.00,0.00
M,542,Souček,4.9,4.9,West Ham,66,1.73,0.00
M,543,Vlašić,4.5,4.5,West Ham,0,0.00,0.00
D,544,Zouma,4.5,4.5,West Ham,87,1.13,0.00
D,545,Aït-Nouri,4.6,4.6,Wolves,75,1.71,0.04
G,546,Bentley,3.9,3.9,Wolves,2,0.06,0.00
D,547,Bolla,4.0,4.0,Wolves,0,0.00,0.00
D,548,H.Bueno,4.4,4.4,Wolves,13,0.42,0.00
M,549,Chiquinho,4.5,4.5,Wolves,0,0.00,0.00
M,550,Cundle,4.5,4.5,Wolves,0,0.00,0.00
D,551,Dawson,4.5,4.5,Wolves,0,0.00,0.00
F,552,Fábio Silva,5.2,5.2,Wolves,0,0.00,0.00
D,553,Giles,4.2,4.2,Luton,0,0.00,0.00
M,554,Guedes,5.4,5.4,Wolves,0,0.00,0.00
M,555,Hodge,4.4,4.4,Wolves,0,0.00,0.00
D,556,Hoever,4.0,4.0,Wolves,0,0.00,0.00
M,557,Hee Chan,5.4,5.4,Wolves,77,3.00,0.00
F,558,Raúl,5.0,5.0,Fulham,15,0.97,0.00
M,559,João Gomes,4.9,4.9,Wolves,83,2.06,0.00
D,560,J.Otto,4.3,4.3,Wolves,0,0.00,0.00
M,561,Jordão,4.3,4.3,Wolves,0,0.00,0.00
F,562,Kalajdžić,4.9,4.9,Wolves,0,0.00,0.00
D,563,Kilman,4.4,4.4,Wolves,90,1.57,0.00
G,564,King,3.9,3.9,Wolves,0,0.00,0.00
M,565,Mario Jr.,4.9,4.9,Wolves,81,2.04,0.00
M,566,Matheus N.,4.7,4.7,Man City,8,0.48,0.00
M,567,Neto,5.5,5.5,Wolves,46,1.83,0.00
M,568,Podence,5.3,5.3,Wolves,0,0.00,0.00
G,569,José Sá,5.0,5.0,Wolves,94,3.09,0.00
M,570,Sarabia,4.5,4.5,Wolves,15,0.71,0.01
G,571,Šarkić,4.0,4.0,Wolves,0,0.00,0.00
D,572,N.Semedo,4.5,4.5,Wolves,85,1.60,0.00
D,573,Toti,4.4,4.4,Wolves,90,1.58,0.00
M,574,Boubacar Traore,4.3,4.3,Wolves,46,1.29,0.00
D,575,Lockyer,4.2,4.2,Luton,0,0.00,0.00
D,576,Robinson,4.3,4.3,Sheffield Utd,58,1.35,0.00
D,577,Ogbonna,4.2,4.2,West Ham,53,0.74,0.00
M,578,Nelson,4.8,4.8,Arsenal,2,0.18,0.00
G,579,Lonergan,3.9,3.9,Everton,0,0.00,0.00
G,580,Karius,3.9,3.9,Newcastle,0,0.00,0.00
D,581,Dummett,3.9,3.9,Newcastle,11,0.34,0.00
M,582,Mpanzu,4.6,4.6,Luton,29,1.08,0.00
M,583,Solomon,5.1,5.1,Spurs,0,0.00,0.00
D,584,Pau,4.6,4.6,Aston Villa,87,2.63,0.00
D,585,J.Timber,4.6,4.6,Arsenal,4,0.15,0.00
M,586,Chong,4.4,4.4,Luton,76,2.99,0.00
M,587,Slimane,4.7,4.7,Sheffield Utd,4,0.25,0.00
D,588,Young,4.4,4.4,Everton,73,1.47,0.00
M,589,Ângelo,5.0,5.0,Chelsea,0,0.00,0.00
F,590,Cunha,5.5,5.5,Wolves,82,2.97,0.00
M,591,Willian,5.3,5.3,Fulham,62,3.24,0.00
D,592,Larouci,4.3,4.3,Sheffield Utd,12,0.43,0.00
F,593,T.Bénie,5.1,5.1,Sheffield Utd,0,0.00,0.00
F,594,Amdouni,5.1,5.1,Burnley,22,1.33,0.00
D,595,Kerkez,4.4,4.4,Bournemouth,30,0.91,0.00
G,596,Trafford,4.4,4.4,Burnley,2,0.06,0.00
G,597,Onana,5.0,5.0,Man Utd,95,3.51,0.22
D,598,Doherty,4.3,4.3,Wolves,53,1.38,0.00
M,599,Diaby,6.3,6.3,Aston Villa,85,3.61,0.00
M,600,Redmond,4.7,4.7,Burnley,0,0.00,0.00
M,601,Danjuma,5.2,5.2,Everton,31,1.47,0.00
D,602,Kaboré,4.0,4.0,Luton,0,0.00,0.00
M,603,Barnes,6.2,6.2,Newcastle,59,2.94,0.00
D,604,Aina,4.5,4.5,Nott'm Forest,89,2.90,0.00
M,605,Koleosho,4.8,4.8,Burnley,0,0.00,0.00
D,606,Igor,4.3,4.3,Brighton,85,2.71,0.00
G,607,Radu,4.3,4.3,Bournemouth,0,0.00,0.00
M,608,Bruun Larsen,4.8,4.8,Burnley,70,3.92,0.00
M,609,Maatsen,5.1,5.1,Chelsea,0,0.00,0.00
D,610,Bassey,4.4,4.4,Fulham,91,3.04,0.00
D,611,Disasi,4.9,4.9,Chelsea,14,0.54,0.01
M,613,Ugochukwu,4.4,4.4,Chelsea,13,0.53,0.00
G,614,Kaminski,4.5,4.5,Luton,95,3.46,0.01
M,615,Matheus França,4.8,4.8,Crystal Palace,0,0.00,0.00
D,616,Gvardiol,5.2,5.1,Man City,77,4.20,0.45
F,617,Højlund,7.1,7.1,Man Utd,80,3.57,0.02
M,618,Kellyman,4.5,4.5,Aston Villa,13,0.58,0.00
D,619,Greenwood,4.0,4.0,Bournemouth,0,0.00,0.00
M,620,Olakigbe,4.5,4.5,Brentford,0,0.00,0.00
M,621,Hinshelwood,4.5,4.5,Brighton,0,0.00,0.00
D,622,Dodgson,4.0,4.0,Burnley,0,0.00,0.00
F,623,Burstow,4.5,4.5,Chelsea,0,0.00,0.00
M,624,Dobbin,4.5,4.5,Everton,10,0.49,0.00
D,625,De Fougerolles,3.9,3.9,Fulham,0,0.00,0.00
D,626,Quansah,4.0,4.0,Liverpool,64,2.86,0.00
M,627,Clark,4.4,4.4,Liverpool,0,0.00,0.00
M,628,Doak,4.3,4.3,Liverpool,0,0.00,0.00
M,629,McConnell,4.4,4.4,Liverpool,0,0.00,0.00
M,630,Barkley,4.5,4.5,Luton,0,0.00,0.00
F,631,Brown,4.9,4.9,Luton,0,0.00,0.00
M,632,Forson,4.4,4.4,Man Utd,2,0.10,0.00
D,633,Livramento,4.0,4.0,Newcastle,0,0.00,0.07
D,634,A.Murphy,3.9,3.9,Newcastle,2,0.06,0.00
M,635,Miley,4.5,4.5,Newcastle,0,0.00,0.00
G,636,G.Shelvey,3.9,3.9,Nott'm Forest,0,0.00,0.00
D,637,Powell,3.9,3.9,Nott'm Forest,0,0.00,0.00
M,638,Vini Souza,5.0,5.0,Sheffield Utd,22,0.70,0.00
D,639,Van de Ven,4.4,4.4,Spurs,87,3.56,0.13
F,640,Scarlett,4.5,4.5,Spurs,6,0.37,0.00
F,641,Veliz,5.4,5.4,Spurs,0,0.00,0.00
M,642,Álvarez,5.0,5.0,West Ham,69,1.69,0.00
D,643,Aarons,4.4,4.4,Bournemouth,22,0.60,0.00
M,644,Scott,4.9,4.9,Bournemouth,34,1.26,0.00
F,645,Y. Chermiti,4.8,4.8,Everton,6,0.32,0.00
G,646,Hein,4.0,4.0,Arsenal,0,0.00,0.00
G,647,Anang,4.0,4.0,West Ham,0,0.00,0.00
D,648,Francis-Clarke,4.0,4.0,Luton,0,0.00,0.00
F,649,Cannon,4.5,4.5,Everton,0,0.00,0.00
M,650,Onyango,4.4,4.4,Everton,0,0.00,0.00
F,651,Stansfield,4.5,4.5,Fulham,0,0.00,0.00
M,652,Dibley-Dias,4.5,4.5,Fulham,0,0.00,0.00
D,653,Seriki,3.9,3.9,Sheffield Utd,0,0.00,0.00
F,654,Marsh,4.5,4.5,Sheffield Utd,0,0.00,0.00
M,655,Brooks,4.4,4.4,Sheffield Utd,54,1.75,0.00
F,656,Hackford,4.4,4.4,Sheffield Utd,0,0.00,0.00
M,657,Rak-Sakyi,4.5,4.5,Crystal Palace,1,0.07,0.00
F,658,Gordon,4.5,4.5,Crystal Palace,0,0.00,0.00
G,659,Bergström,3.9,3.9,Chelsea,0,0.00,0.00
M,660,Odobert,5.0,5.0,Burnley,85,3.61,0.00
M,661,Harrison,5.5,5.5,Everton,0,0.00,0.00
M,662,Adama,4.9,4.9,Fulham,15,0.88,0.00
M,663,Hamer,4.9,4.9,Sheffield Utd,87,2.63,0.00
M,664,Ward-Prowse,5.7,5.7,West Ham,77,2.27,0.00
G,665,Krul,4.4,4.4,Luton,0,0.00,0.00
M,666,T.Davies,5.0,5.0,Sheffield Utd,4,0.17,0.00
M,667,Lavia,4.9,4.9,Chelsea,0,0.00,0.00
M,668,Endo,5.4,5.4,Liverpool,63,2.32,0.00
G,669,Vítek,4.0,4.0,Man Utd,0,0.00,0.00
G,670,Marschall,4.0,4.0,Aston Villa,0,0.00,0.00
D,671,Humphreys,4.0,4.0,Chelsea,0,0.00,0.00
M,672,Zaniolo,5.4,5.4,Aston Villa,0,0.00,0.00
M,673,Adams,4.9,4.9,Bournemouth,16,0.53,0.00
D,674,Delcroix,4.0,4.0,Burnley,5,0.16,0.00
M,675,A.Ramsey,5.0,5.0,Burnley,0,0.00,0.00
D,676,Mavropanos,4.5,4.5,West Ham,27,0.34,0.00
F,677,Deivid,4.5,4.5,Chelsea,2,0.15,0.00
M,678,Doku,6.4,6.4,Man City,32,2.22,0.00
D,679,G.Montiel,4.4,4.4,Nott'm Forest,61,2.19,0.00
G,680,Beach,4.0,4.0,Chelsea,0,0.00,0.00
M,681,Diego Moreira,4.5,4.5,Chelsea,0,0.00,0.00
D,682,Johnson,4.0,4.0,Luton,5,0.12,0.00
M,683,Harris,4.5,4.5,Fulham,0,0.00,0.00
M,684,Brierley,4.5,4.5,Brentford,0,0.00,0.00
M,685,Gore,4.5,4.5,Man Utd,0,0.00,0.00
G,686,Zych,4.0,4.0,Aston Villa,0,0.00,0.00
G,687,Petrović,4.7,4.6,Chelsea,92,3.77,0.83
D,688,Castagne,4.5,4.5,Fulham,84,3.25,0.00
M,689,Kudus,6.7,6.7,West Ham,87,2.47,0.00
M,690,Baleba,4.5,4.5,Brighton,49,1.61,0.00
F,691,Beto,5.7,5.7,Everton,34,1.52,0.00
G,692,Benda,4.0,4.0,Fulham,0,0.00,0.00
D,693,Thomas,4.0,4.0,Sheffield Utd,0,0.00,0.00
M,694,Massengo,4.9,4.9,Burnley,1,0.06,0.00
G,695,Altay,3.9,3.9,Man Utd,0,0.00,0.00
D,696,Murillo,4.5,4.5,Nott'm Forest,92,2.71,0.00
D,697,S.Bueno,4.5,4.5,Wolves,68,1.23,0.00
M,698,González,5.0,5.0,Wolves,0,0.00,0.00
D,699,Lenglet,4.5,4.5,Aston Villa,22,0.72,0.00
M,700,Ansu Fati,6.4,6.4,Brighton,15,0.91,0.00
M,701,Ghoddos,4.5,4.5,Brentford,11,0.48,0.00
D,702,Phillips,4.0,4.0,Spurs,0,0.00,0.00
D,703,Evans,4.0,4.0,Man Utd,58,1.74,0.00
F,704,Fraser,4.5,4.5,Wolves,7,0.37,0.00
M,705,Sinisterra,5.5,5.5,Bournemouth,0,0.00,0.00
M,706,M.Trésor,5.2,5.2,Burnley,4,0.27,0.00
D,707,Ballo-Touré,4.5,4.5,Fulham,4,0.15,0.00
M,708,Gravenberch,5.0,5.0,Liverpool,37,1.74,0.00
M,709,Amrabat,5.0,5.0,Man Utd,33,0.99,0.00
G,710,Odysseas,4.5,4.5,Nott'm Forest,0,0.00,0.00
D,711,Omobamidele,4.5,4.5,Nott'm Forest,16,0.46,0.00
M,712,Dominguez,5.0,5.0,Nott'm Forest,0,0.00,0.00
M,713,Sangaré,4.9,4.9,Nott'm Forest,26,0.96,0.00
F,714,Origi,5.0,5.0,Nott'm Forest,17,0.95,0.00
M,715,Bellegarde,4.9,4.9,Wolves,22,0.90,0.00
D,716,Gilchrist,4.0,4.0,Chelsea,0,0.00,0.00
F,717,Stutter,4.5,4.5,Chelsea,0,0.00,0.00
M,718,Matos,4.5,4.5,Chelsea,0,0.00,0.00
M,719,Hunt,4.5,4.5,Everton,0,0.00,0.00
F,720,Ola-Adebomi,4.5,4.5,Crystal Palace,0,0.00,0.00
M,721,Ozoh,4.5,4.5,Crystal Palace,0,0.00,0.00
F,722,Donley,4.5,4.5,Spurs,0,0.00,0.00
D,723,Brooking,4.0,4.0,Chelsea,0,0.00,0.00
M,724,Raymond,4.5,4.5,Crystal Palace,0,0.00,0.00
D,725,Kim Ji-Soo,4.0,4.0,Brentford,0,0.00,0.00
D,726,Chambers,4.0,4.0,Liverpool,0,0.00,0.00
M,727,Townsend,5.0,5.0,Luton,24,1.29,0.00
D,728,Scanlon,3.9,3.9,Liverpool,0,0.00,0.00
M,729,Luker,4.5,4.5,Luton,0,0.00,0.00
M,730,Oné,4.4,4.4,Sheffield Utd,0,0.00,0.00
D,731,Buyabu,4.0,4.0,Sheffield Utd,0,0.00,0.00
D,732,Tanton,4.0,4.0,Fulham,1,0.04,0.00
D,733,Adedokun,4.0,4.0,Brentford,0,0.00,0.00
M,734,Nelson,4.5,4.5,Luton,0,0.00,0.00
M,735,Sagoe,4.5,4.5,Arsenal,0,0.00,0.00
D,736,Walters,4.0,4.0,Arsenal,0,0.00,0.00
M,737,Ibrahim,4.5,4.5,Arsenal,0,0.00,0.00
M,738,Diallo,4.5,4.5,Newcastle,0,0.00,0.00
F,739,Parkinson,4.5,4.5,Newcastle,1,0.06,0.00
D,740,Dorrington,4.0,4.0,Spurs,0,0.00,0.00
F,741,O’Mahony,4.5,4.5,Brighton,11,0.47,0.00
M,742,Baker-Boaitey,4.5,4.5,Brighton,0,0.00,0.00
M,743,Nyoni,4.5,4.5,Liverpool,0,0.00,0.00
M,744,Peart-Harris,4.5,4.5,Brentford,0,0.00,0.00
F,745,Ndiweni,4.4,4.4,Newcastle,0,0.00,0.00
D,746,Jackson,4.0,4.0,Brighton,4,0.12,0.00
M,747,Duffus,4.4,4.4,Brighton,0,0.00,0.00
F,748,Hugill,4.5,4.5,Man Utd,0,0.00,0.00
M,749,Whittingham,4.5,4.5,Wolves,0,0.00,0.00
M,750,Chirewa,4.4,4.4,Wolves,5,0.28,0.00
D,751,Hubner,4.0,4.0,Wolves,1,0.03,0.00
G,752,Angelini,4.0,4.0,Brentford,0,0.00,0.00
D,753,Kavanagh,4.0,4.0,Brighton,4,0.11,0.00
M,754,Yago Santiago,4.5,4.5,Spurs,1,0.08,0.00
M,755,Barrington,4.5,4.5,Brighton,0,0.00,0.00
G,756,Pitaluga,4.0,4.0,Liverpool,0,0.00,0.00
D,757,Bradley,4.1,4.1,Liverpool,21,1.13,0.01
M,758,Castledine,4.5,4.5,Chelsea,0,0.00,0.00
M,759,Peck,4.4,4.4,Sheffield Utd,0,0.00,0.00
M,760,Metcalfe,4.5,4.5,Everton,0,0.00,0.00
D,761,Campbell,4.0,4.0,Everton,0,0.00,0.00
M,762,Susoho,4.5,4.5,Man City,0,0.00,0.00
D,763,Adaramola,4.0,4.0,Crystal Palace,0,0.00,0.00
M,764,Lewis-Skelly,4.5,4.5,Arsenal,0,0.00,0.00
G,765,Proctor,4.0,4.0,Aston Villa,0,0.00,0.00
D,766,Kambwala,3.9,3.9,Man Utd,12,0.34,0.00
M,767,O'Reilly,4.5,4.5,Aston Villa,0,0.00,0.00
D,768,Bennett,4.0,4.0,Man Utd,0,0.00,0.00
M,769,Hesketh,4.5,4.5,Wolves,0,0.00,0.00
M,770,Barnett,4.5,4.5,Wolves,0,0.00,0.00
M,771,Hamilton,4.5,4.5,Man City,0,0.00,0.00
M,772,Nwaneri,4.5,4.5,Arsenal,0,0.00,0.00
M,773,Orford,4.5,4.5,West Ham,0,0.00,0.00
D,774,Casey,4.0,4.0,West Ham,0,0.00,0.00
M,775,Brereton Díaz,5.0,5.0,Sheffield Utd,87,3.20,0.00
F,776,Werner,6.3,6.3,Spurs,0,0.00,0.00
D,777,Drăgușin,4.2,4.2,Spurs,62,2.68,0.00
G,778,Wright,4.0,4.0,Aston Villa,0,0.00,0.00
M,779,McDonnell,4.5,4.5,Nott'm Forest,0,0.00,0.00
F,780,Osong,4.5,4.5,Nott'm Forest,0,0.00,0.00
F,781,Gardner,4.5,4.5,Nott'm Forest,0,0.00,0.00
D,782,Beck,4.5,4.5,Liverpool,0,0.00,0.00
M,783,Gordon,4.5,4.5,Liverpool,0,0.00,0.00
D,784,Scarles,4.0,4.0,West Ham,0,0.00,0.00
F,785,Marshall,4.5,4.5,West Ham,0,0.00,0.00
M,786,Peupion,4.5,4.5,Brighton,0,0.00,0.00
M,787,Griffiths,4.5,4.5,Wolves,0,0.00,0.00
D,788,Mosquera,4.0,4.0,Wolves,0,0.00,0.00
G,789,Valdimarsson,4.0,4.0,Brentford,0,0.00,0.00
G,790,Grbić,4.5,4.5,Sheffield Utd,0,0.00,0.00
M,791,Casadei,4.5,4.5,Chelsea,12,0.62,0.00
D,792,Muñoz,4.5,4.5,Crystal Palace,88,3.13,0.02
D,793,Kesler-Hayden,4.0,4.0,Aston Villa,6,0.21,0.00
M,794,White,4.5,4.5,Newcastle,1,0.06,0.00
M,795,Hernes,4.5,4.5,Newcastle,0,0.00,0.00
M,796,Sekularac,4.4,4.4,Fulham,0,0.00,0.00
D,797,Fredrick,4.0,4.0,Brentford,0,0.00,0.00
D,798,Hashioka,4.0,4.0,Luton,77,2.61,0.00
M,799,Faivre,5.0,5.0,Bournemouth,2,0.09,0.00
M,800,N.Lemina,5.0,5.0,Wolves,0,0.00,0.00
M,801,Reyna,4.6,4.6,Nott'm Forest,21,1.06,0.00
D,802,Kinsey,4.0,4.0,Bournemouth,2,0.04,0.00
M,803,Rogers,5.0,5.0,Aston Villa,0,0.00,0.00
F,804,Enes Ünal,5.0,5.0,Bournemouth,17,0.89,0.00
D,805,Assignon,4.0,4.0,Burnley,89,3.26,0.00
D,806,Estève,4.0,4.0,Burnley,85,2.85,0.00
M,807,Wharton,5.0,5.0,Crystal Palace,69,2.38,0.00
G,808,Sels,4.5,4.5,Nott'm Forest,93,3.48,0.00
F,809,Ribeiro,4.5,4.5,Nott'm Forest,0,0.00,0.00
M,810,King,4.5,4.5,Fulham,0,0.00,0.00
M,811,Sadi,4.5,4.5,Bournemouth,0,0.00,0.00
F,812,Koumas,4.5,4.5,Liverpool,0,0.00,0.00
G,813,Mrozek,4.0,4.0,Liverpool,0,0.00,0.00
M,814,Wright,4.5,4.5,Man City,0,0.00,0.00
M,815,Bandeira,4.5,4.5,Arsenal,0,0.00,0.00
D,816,Barco,4.0,4.0,Brighton,57,2.08,0.00
D,817,Sweet,4.0,4.0,Arsenal,0,0.00,0.00
G,818,Gauci,3.9,3.9,Aston Villa,0,0.00,0.00
D,819,Samuels-Smith,4.0,4.0,Chelsea,0,0.00,0.00
M,820,Harrison,4.5,4.5,Chelsea,0,0.00,0.00
F,821,Umeh-Chibueze,4.5,4.5,Crystal Palace,0,0.00,0.00
F,822,Blacker,4.5,4.5,Sheffield Utd,0,0.00,0.00
M,823,Arblaster,4.5,4.5,Sheffield Utd,80,2.07,0.00
F,824,Danns,4.3,4.3,Liverpool,0,0.00,0.00
M,825,Rodney,4.5,4.5,Crystal Palace,0,0.00,0.00
M,826,Collyer,4.5,4.5,Man Utd,0,0.00,0.00
D,827,Sasnauskas,4.0,4.0,Sheffield Utd,0,0.00,0.00
D,828,Curtis,4.0,4.0,Sheffield Utd,0,0.00,0.00
M,829,Earthy,4.5,4.5,West Ham,0,0.00,0.00
M,830,Tauriainen,4.5,4.5,Chelsea,0,0.00,0.00
M,831,Piesold,4.5,4.5,Luton,0,0.00,0.00
D,832,Okoduwa,4.0,4.0,Wolves,0,0.00,0.00
D,833,Ogunneye,4.0,4.0,Man Utd,0,0.00,0.00
D,834,Arthur,4.0,4.0,Brentford,1,0.03,0.00
G,835,Mee,4.0,4.0,Man Utd,0,0.00,0.00
F,836,Chiwome,4.5,4.5,Wolves,0,0.00,0.00
D,837,Nallo,4.0,4.0,Liverpool,0,0.00,0.00
D,838,Acheampong,4.0,4.0,Chelsea,0,0.00,0.00
M,839,Martins,4.5,4.5,Luton,0,0.00,0.00
F,840,Holman,4.5,4.5,Wolves,0,0.00,0.00
M,841,Warrington,4.5,4.5,Everton,0,0.00,0.00
M,842,Mathurin,4.4,4.4,Crystal Palace,0,0.00,0.00
M,843,Chouchane,4.5,4.5,Brighton,0,0.00,0.00
D,844,Chigozie,4.0,4.0,Luton,2,0.06,0.00
D,845,Offiah,4.0,4.0,Brighton,53,1.74,0.00
D,846,Amass,4.0,4.0,Man Utd,0,0.00,0.00
G,847,Sharman-Lowe,4.0,4.0,Chelsea,0,0.00,0.00
F,848,Harris,4.5,4.5,Luton,0,0.00,0.00
M,849,Dacosta Gonzalez,4.5,4.5,Bournemouth,0,0.00,0.00
F,850,Wheatley,4.5,4.5,Man Utd,0,0.00,0.00
F,851,George,4.5,4.5,Chelsea,0,0.00,0.00
M,852,Dyer,4.5,4.5,Chelsea,0,0.00,0.00
M,853,Ojinnaka,4.5,4.5,Wolves,0,0.00,0.00
D,854,Munroe,4.0,4.0,Aston Villa,0,0.00,0.00
G,855,McKenna,4.0,4.0,Bournemouth,0,0.00,0.00
D,856,Jackson,4.0,4.0,Man Utd,2,0.06,0.00
M,857,Hampson,4.5,4.5,Sheffield Utd,0,0.00,0.00
G,858,Curd,4.0,4.0,Chelsea,0,0.00,0.00
D,859,Sturge,4.0,4.0,Chelsea,0,0.00,0.00
M,860,Moore,4.5,4.5,Spurs,0,0.00,0.00
D,861,Atom,4.0,4.0,Brighton,3,0.09,0.00
M,862,Hall,4.5,4.5,Spurs,0,0.00,0.00
D,10019,Nathan Ferguson,99.9,99.9,Crystal Palace,0,0.00,0.00
D,10142,Rhys Williams,99.9,99.9,Liverpool,0,0.00,0.00
M,10147,Yunus Emre Konak,99.9,99.9,Brentford,0,0.00,0.00
G,10153,Hákon Rafn Valdimarsson,99.9,99.9,Brentford,0,0.00,0.00
F,10163,Rodrigo Ribeiro,99.9,99.9,Nott'm Forest,0,0.00,0.00
D,10168,Kaine Kesler-Hayden,99.9,99.9,Aston Villa,3,0.09,0.00